-- MySQL Script generated by MySQL Workbench
-- Thu Sep 22 12:33:55 2022
-- Model: New Model    Version: 1.0
-- MySQL Workbench Forward Engineering

SET @OLD_UNIQUE_CHECKS=@@UNIQUE_CHECKS, UNIQUE_CHECKS=0;
SET @OLD_FOREIGN_KEY_CHECKS=@@FOREIGN_KEY_CHECKS, FOREIGN_KEY_CHECKS=0;
SET @OLD_SQL_MODE=@@SQL_MODE, SQL_MODE='ONLY_FULL_GROUP_BY,STRICT_TRANS_TABLES,NO_ZERO_IN_DATE,NO_ZERO_DATE,ERROR_FOR_DIVISION_BY_ZERO,NO_ENGINE_SUBSTITUTION';

-- -----------------------------------------------------
-- Schema spotify
-- -----------------------------------------------------

-- -----------------------------------------------------
-- Schema spotify
-- -----------------------------------------------------
CREATE SCHEMA IF NOT EXISTS `spotify` DEFAULT CHARACTER SET utf8 ;
USE `spotify` ;

-- -----------------------------------------------------
-- Table `usuari`
-- -----------------------------------------------------
CREATE TABLE IF NOT EXISTS `usuari` (
  `usuari_id` INT NOT NULL AUTO_INCREMENT,
  `email` VARCHAR(128) NOT NULL,
  `password` VARCHAR(60) NOT NULL,
  `nom_usuari` VARCHAR(60) NOT NULL,
  `data_naixement` DATETIME NULL,
  `sexe` VARCHAR(20) NULL,
  `pais` VARCHAR(40) NULL,
  `codi_postal` VARCHAR(10) NULL,
  `tipo_usuari` ENUM('free', 'premium') NOT NULL DEFAULT 'free',
  PRIMARY KEY (`usuari_id`),
  UNIQUE INDEX `email_UNIQUE` (`email` ASC) VISIBLE,
  INDEX `index email` (`email` ASC) VISIBLE)
ENGINE = InnoDB;


-- -----------------------------------------------------
-- Table `subscripcio`
-- -----------------------------------------------------
CREATE TABLE IF NOT EXISTS `subscripcio` (
  `subscripcio_id` INT NOT NULL AUTO_INCREMENT,
  `usuari_id` INT NOT NULL,
  `data_inici` DATETIME NOT NULL,
  `data_renovacio` DATETIME NOT NULL,
  PRIMARY KEY (`subscripcio_id`),
  INDEX `fk_subscripcio_usuari_idx` (`usuari_id` ASC) VISIBLE,
  CONSTRAINT `fk_subscripcio_usuari`
    FOREIGN KEY (`usuari_id`)
    REFERENCES `usuari` (`usuari_id`)
    ON DELETE NO ACTION
    ON UPDATE NO ACTION)
ENGINE = InnoDB;


-- -----------------------------------------------------
-- Table `forma_pagament`
-- -----------------------------------------------------
CREATE TABLE IF NOT EXISTS `forma_pagament` (
  `forma_pagament_id` INT NOT NULL AUTO_INCREMENT,
  `forma_pagament` ENUM('targeta', 'paypal') NULL,
  `targeta_numero` VARCHAR(20) NULL,
  `targeta_caducitat` VARCHAR(8) NULL,
  `targeta_cvc` VARCHAR(6) NULL,
  `paypal_nom_usuari` VARCHAR(60) NULL,
  `usuari_id` INT NOT NULL,
  PRIMARY KEY (`forma_pagament_id`),
  INDEX `fk_pagament_usuari1_idx` (`usuari_id` ASC) VISIBLE,
  CONSTRAINT `fk_pagament_usuari1`
    FOREIGN KEY (`usuari_id`)
    REFERENCES `usuari` (`usuari_id`)
    ON DELETE NO ACTION
    ON UPDATE NO ACTION)
ENGINE = InnoDB;


-- -----------------------------------------------------
-- Table `subscripcio_has_forma_pagament`
-- -----------------------------------------------------
CREATE TABLE IF NOT EXISTS `subscripcio_has_forma_pagament` (
  `subscripcio_id` INT NOT NULL,
  `forma_pagament_id` INT NOT NULL,
  `data` DATETIME NOT NULL,
  `total` FLOAT NOT NULL,
  `numero_ordre` VARCHAR(45) NOT NULL,
  PRIMARY KEY (`subscripcio_id`, `forma_pagament_id`),
  INDEX `fk_subscripcio_has_forma_pagament_forma_pagament1_idx` (`forma_pagament_id` ASC) VISIBLE,
  INDEX `fk_subscripcio_has_forma_pagament_subscripcio1_idx` (`subscripcio_id` ASC) VISIBLE,
  CONSTRAINT `fk_subscripcio_has_forma_pagament_subscripcio1`
    FOREIGN KEY (`subscripcio_id`)
    REFERENCES `subscripcio` (`subscripcio_id`)
    ON DELETE NO ACTION
    ON UPDATE NO ACTION,
  CONSTRAINT `fk_subscripcio_has_forma_pagament_forma_pagament1`
    FOREIGN KEY (`forma_pagament_id`)
    REFERENCES `forma_pagament` (`forma_pagament_id`)
    ON DELETE NO ACTION
    ON UPDATE NO ACTION)
ENGINE = InnoDB;


-- -----------------------------------------------------
-- Table `artista`
-- -----------------------------------------------------
CREATE TABLE IF NOT EXISTS `artista` (
  `artista_id` INT NOT NULL AUTO_INCREMENT,
  `nom` VARCHAR(128) NOT NULL,
  `imatge_url` VARCHAR(128) NULL,
  PRIMARY KEY (`artista_id`))
ENGINE = InnoDB;


-- -----------------------------------------------------
-- Table `album`
-- -----------------------------------------------------
CREATE TABLE IF NOT EXISTS `album` (
  `album_id` INT NOT NULL AUTO_INCREMENT,
  `artista_id` INT NOT NULL,
  `titol` VARCHAR(128) NOT NULL,
  `any_publicacio` YEAR NULL,
  `img_portada_url` VARCHAR(128) NULL,
  PRIMARY KEY (`album_id`),
  INDEX `fk_album_artista1_idx` (`artista_id` ASC) VISIBLE,
  CONSTRAINT `fk_album_artista1`
    FOREIGN KEY (`artista_id`)
    REFERENCES `artista` (`artista_id`)
    ON DELETE NO ACTION
    ON UPDATE NO ACTION)
ENGINE = InnoDB;


-- -----------------------------------------------------
-- Table `canco`
-- -----------------------------------------------------
CREATE TABLE IF NOT EXISTS `canco` (
  `canco_id` INT NOT NULL AUTO_INCREMENT,
  `titulo` VARCHAR(128) NULL,
  `durada` INT NULL,
  `numero_reproducio` INT NULL,
  `album_id` INT NOT NULL,
  PRIMARY KEY (`canco_id`),
  INDEX `fk_canco_album1_idx` (`album_id` ASC) VISIBLE,
  CONSTRAINT `fk_canco_album1`
    FOREIGN KEY (`album_id`)
    REFERENCES `album` (`album_id`)
    ON DELETE NO ACTION
    ON UPDATE NO ACTION)
ENGINE = InnoDB;


-- -----------------------------------------------------
-- Table `seguint`
-- -----------------------------------------------------
CREATE TABLE IF NOT EXISTS `seguint` (
  `usuari_id` INT NOT NULL,
  `artista_id` INT NOT NULL,
  PRIMARY KEY (`usuari_id`, `artista_id`),
  INDEX `fk_usuari_has_artista_artista1_idx` (`artista_id` ASC) VISIBLE,
  INDEX `fk_usuari_has_artista_usuari1_idx` (`usuari_id` ASC) VISIBLE,
  CONSTRAINT `fk_usuari_has_artista_usuari1`
    FOREIGN KEY (`usuari_id`)
    REFERENCES `usuari` (`usuari_id`)
    ON DELETE NO ACTION
    ON UPDATE NO ACTION,
  CONSTRAINT `fk_usuari_has_artista_artista1`
    FOREIGN KEY (`artista_id`)
    REFERENCES `artista` (`artista_id`)
    ON DELETE NO ACTION
    ON UPDATE NO ACTION)
ENGINE = InnoDB;


-- -----------------------------------------------------
-- Table `artista_relacionats`
-- -----------------------------------------------------
CREATE TABLE IF NOT EXISTS `artista_relacionats` (
  `artista_id1` INT NOT NULL,
  `artista_id2` INT NOT NULL,
  PRIMARY KEY (`artista_id1`, `artista_id2`),
  INDEX `fk_artista_has_artista_artista2_idx` (`artista_id2` ASC) VISIBLE,
  INDEX `fk_artista_has_artista_artista1_idx` (`artista_id1` ASC) VISIBLE,
  CONSTRAINT `fk_artista_has_artista_artista1`
    FOREIGN KEY (`artista_id1`)
    REFERENCES `artista` (`artista_id`)
    ON DELETE NO ACTION
    ON UPDATE NO ACTION,
  CONSTRAINT `fk_artista_has_artista_artista2`
    FOREIGN KEY (`artista_id2`)
    REFERENCES `artista` (`artista_id`)
    ON DELETE NO ACTION
    ON UPDATE NO ACTION)
ENGINE = InnoDB;


-- -----------------------------------------------------
-- Table `album_favorit`
-- -----------------------------------------------------
CREATE TABLE IF NOT EXISTS `album_favorit` (
  `usuari_id` INT NOT NULL,
  `album_id` INT NOT NULL,
  PRIMARY KEY (`usuari_id`, `album_id`),
  INDEX `fk_usuari_has_album_album1_idx` (`album_id` ASC) VISIBLE,
  INDEX `fk_usuari_has_album_usuari1_idx` (`usuari_id` ASC) VISIBLE,
  CONSTRAINT `fk_usuari_has_album_usuari1`
    FOREIGN KEY (`usuari_id`)
    REFERENCES `usuari` (`usuari_id`)
    ON DELETE NO ACTION
    ON UPDATE NO ACTION,
  CONSTRAINT `fk_usuari_has_album_album1`
    FOREIGN KEY (`album_id`)
    REFERENCES `album` (`album_id`)
    ON DELETE NO ACTION
    ON UPDATE NO ACTION)
ENGINE = InnoDB;


-- -----------------------------------------------------
-- Table `canco_favorit`
-- -----------------------------------------------------
CREATE TABLE IF NOT EXISTS `canco_favorit` (
  `usuari_id` INT NOT NULL,
  `canco_id` INT NOT NULL,
  PRIMARY KEY (`usuari_id`, `canco_id`),
  INDEX `fk_usuari_has_canco_canco1_idx` (`canco_id` ASC) VISIBLE,
  INDEX `fk_usuari_has_canco_usuari1_idx` (`usuari_id` ASC) VISIBLE,
  CONSTRAINT `fk_usuari_has_canco_usuari1`
    FOREIGN KEY (`usuari_id`)
    REFERENCES `usuari` (`usuari_id`)
    ON DELETE NO ACTION
    ON UPDATE NO ACTION,
  CONSTRAINT `fk_usuari_has_canco_canco1`
    FOREIGN KEY (`canco_id`)
    REFERENCES `canco` (`canco_id`)
    ON DELETE NO ACTION
    ON UPDATE NO ACTION)
ENGINE = InnoDB;


-- -----------------------------------------------------
-- Table `playlist`
-- -----------------------------------------------------
CREATE TABLE IF NOT EXISTS `playlist` (
  `playlist_id` INT NOT NULL AUTO_INCREMENT,
  `titol` VARCHAR(128) NOT NULL,
  `data_creacio` DATETIME NULL,
  `creacio_usuari_id` INT NOT NULL,
  `estat` ENUM('activa', 'esborrat') NOT NULL DEFAULT 'activa',
  `data_esborrat` DATETIME NULL,
  PRIMARY KEY (`playlist_id`),
  INDEX `fk_playlist_usuari1_idx` (`creacio_usuari_id` ASC) VISIBLE,
  CONSTRAINT `fk_playlist_usuari1`
    FOREIGN KEY (`creacio_usuari_id`)
    REFERENCES `usuari` (`usuari_id`)
    ON DELETE NO ACTION
    ON UPDATE NO ACTION)
ENGINE = InnoDB;


-- -----------------------------------------------------
-- Table `canco_has_playlist`
-- -----------------------------------------------------
CREATE TABLE IF NOT EXISTS `canco_has_playlist` (
  `canco_id` INT NOT NULL,
  `playlist_id` INT NOT NULL,
  `usuari_id` INT NOT NULL,
  `data_registre` DATETIME NOT NULL,
  PRIMARY KEY (`canco_id`, `playlist_id`),
  INDEX `fk_canco_has_playlist_playlist1_idx` (`playlist_id` ASC) VISIBLE,
  INDEX `fk_canco_has_playlist_canco1_idx` (`canco_id` ASC) VISIBLE,
  INDEX `fk_canco_has_playlist_usuari1_idx` (`usuari_id` ASC) VISIBLE,
  CONSTRAINT `fk_canco_has_playlist_canco1`
    FOREIGN KEY (`canco_id`)
    REFERENCES `canco` (`canco_id`)
    ON DELETE NO ACTION
    ON UPDATE NO ACTION,
  CONSTRAINT `fk_canco_has_playlist_playlist1`
    FOREIGN KEY (`playlist_id`)
    REFERENCES `playlist` (`playlist_id`)
    ON DELETE NO ACTION
    ON UPDATE NO ACTION,
  CONSTRAINT `fk_canco_has_playlist_usuari1`
    FOREIGN KEY (`usuari_id`)
    REFERENCES `usuari` (`usuari_id`)
    ON DELETE NO ACTION
    ON UPDATE NO ACTION)
ENGINE = InnoDB;


SET SQL_MODE=@OLD_SQL_MODE;
SET FOREIGN_KEY_CHECKS=@OLD_FOREIGN_KEY_CHECKS;
SET UNIQUE_CHECKS=@OLD_UNIQUE_CHECKS;

INSERT INTO `usuari` (`usuari_id`, `email`, `password`, `nom_usuari`, `data_naixement`, `sexe`, `pais`, `codi_postal`, `tipo_usuari`) VALUES (1, 'emilie21@rosenbaum.biz', '65d063f4e827e81216022af0636eb2038ecbeeff', 'marguerite.lemke', '2004-07-27 20:12:59', 'male', 'China', '11284-5756', 'free');
INSERT INTO `usuari` (`usuari_id`, `email`, `password`, `nom_usuari`, `data_naixement`, `sexe`, `pais`, `codi_postal`, `tipo_usuari`) VALUES (2, 'yanderson@yahoo.com', '34cc5aaca1b6b57c37f84ee5110056b623c153d9', 'cristal.kerluke', '1981-04-18 06:25:49', ' other', 'Brazil', '42153-7138', 'free');
INSERT INTO `usuari` (`usuari_id`, `email`, `password`, `nom_usuari`, `data_naixement`, `sexe`, `pais`, `codi_postal`, `tipo_usuari`) VALUES (3, 'ideckow@whitenader.info', '0486e07e8cafb771c0a8bb92de8cfebab44df1c6', 'maria74', '1975-02-16 07:03:50', ' other', 'Marshall Islands', '96283', 'premium');
INSERT INTO `usuari` (`usuari_id`, `email`, `password`, `nom_usuari`, `data_naixement`, `sexe`, `pais`, `codi_postal`, `tipo_usuari`) VALUES (4, 'qluettgen@conroykoelpin.com', '2dc13973a6c317e67d63152257ca0ab8b03e39c3', 'mack.ernser', '1982-04-26 15:00:19', 'male', 'Nicaragua', '84285', 'premium');
INSERT INTO `usuari` (`usuari_id`, `email`, `password`, `nom_usuari`, `data_naixement`, `sexe`, `pais`, `codi_postal`, `tipo_usuari`) VALUES (5, 'mikel.powlowski@yahoo.com', 'be5b6c8f4b1728f6ddf71ae60b671f3225f56f99', 'morissette.joany', '2002-11-15 03:27:37', ' female', 'Falkland Islands (Malvinas)', '46561', 'premium');
INSERT INTO `usuari` (`usuari_id`, `email`, `password`, `nom_usuari`, `data_naixement`, `sexe`, `pais`, `codi_postal`, `tipo_usuari`) VALUES (6, 'emmie29@kshlerinwalker.com', '998f4effb75bad62b1ee48d7d75bea052e1e75af', 'benton.kohler', '2007-01-17 21:53:21', ' female', 'United Kingdom', '53343-0678', 'free');
INSERT INTO `usuari` (`usuari_id`, `email`, `password`, `nom_usuari`, `data_naixement`, `sexe`, `pais`, `codi_postal`, `tipo_usuari`) VALUES (7, 'tillman53@gmail.com', '83491cc41e9777cbcc3b7d84fe2cd92d304340c0', 'swest', '1979-07-13 18:45:37', ' other', 'Barbados', '10559-3755', 'premium');
INSERT INTO `usuari` (`usuari_id`, `email`, `password`, `nom_usuari`, `data_naixement`, `sexe`, `pais`, `codi_postal`, `tipo_usuari`) VALUES (8, 'mose.feest@yahoo.com', '446f7cb8d87fa4111c79f2cac4f0f77039b34671', 'denesik.jules', '2012-06-04 02:41:07', ' other', 'Switzerland', '84043-5334', 'free');
INSERT INTO `usuari` (`usuari_id`, `email`, `password`, `nom_usuari`, `data_naixement`, `sexe`, `pais`, `codi_postal`, `tipo_usuari`) VALUES (9, 'folson@hotmail.com', '010ba1881bbbf6679184cbad2d79cc7cfc370193', 'zack.gibson', '2016-06-04 05:43:50', ' female', 'Bermuda', '19592-3406', 'free');
INSERT INTO `usuari` (`usuari_id`, `email`, `password`, `nom_usuari`, `data_naixement`, `sexe`, `pais`, `codi_postal`, `tipo_usuari`) VALUES (10, 'leffler.arlie@hotmail.com', '623edad4f40d9220b6e52c8fd8ab8a9de2694d46', 'chanel54', '1989-07-25 02:05:18', ' female', 'Malta', '15178', 'premium');
INSERT INTO `usuari` (`usuari_id`, `email`, `password`, `nom_usuari`, `data_naixement`, `sexe`, `pais`, `codi_postal`, `tipo_usuari`) VALUES (11, 'cmills@hotmail.com', '28653874b8e6d44520b335e496a4951d696af83c', 'rice.armani', '1970-09-29 13:01:35', ' female', 'Anguilla', '49454', 'free');
INSERT INTO `usuari` (`usuari_id`, `email`, `password`, `nom_usuari`, `data_naixement`, `sexe`, `pais`, `codi_postal`, `tipo_usuari`) VALUES (12, 'abraham80@hotmail.com', '02d8c7a1f707f855310092bb03b1656dc702ea3b', 'eichmann.brenden', '2021-06-27 14:19:05', ' female', 'Palau', '82521', 'free');
INSERT INTO `usuari` (`usuari_id`, `email`, `password`, `nom_usuari`, `data_naixement`, `sexe`, `pais`, `codi_postal`, `tipo_usuari`) VALUES (13, 'alena08@erdman.com', '4224450d0c3f051577672c38bb7df876567ffc35', 'tlubowitz', '2001-01-28 03:54:21', ' female', 'Dominican Republic', '40733', 'free');
INSERT INTO `usuari` (`usuari_id`, `email`, `password`, `nom_usuari`, `data_naixement`, `sexe`, `pais`, `codi_postal`, `tipo_usuari`) VALUES (14, 'xgoyette@uptonschinner.info', '02b9e8e98ee8606bd3a485c214adf5e17c0d3384', 'lawson01', '1975-11-09 10:11:54', 'male', 'Argentina', '48514-3105', 'premium');
INSERT INTO `usuari` (`usuari_id`, `email`, `password`, `nom_usuari`, `data_naixement`, `sexe`, `pais`, `codi_postal`, `tipo_usuari`) VALUES (15, 'maximilian.rodriguez@hotmail.com', 'bd69be932a99af69d24b23b46484351f038bbfda', 'sschoen', '1999-05-16 06:29:15', ' other', 'Namibia', '58503-1111', 'premium');
INSERT INTO `usuari` (`usuari_id`, `email`, `password`, `nom_usuari`, `data_naixement`, `sexe`, `pais`, `codi_postal`, `tipo_usuari`) VALUES (16, 'hodkiewicz.emelia@gleichner.com', 'cc1ee22f6a9bae20e33e22f857b0f19ce28b963b', 'kshlerin.kaci', '1980-08-02 01:49:31', 'male', 'Papua New Guinea', '58929-8382', 'free');
INSERT INTO `usuari` (`usuari_id`, `email`, `password`, `nom_usuari`, `data_naixement`, `sexe`, `pais`, `codi_postal`, `tipo_usuari`) VALUES (17, 'padberg.lelia@hotmail.com', '06ef60fabac5cfa83d056836d493ce8ea987482b', 'predovic.ally', '1976-04-26 16:47:25', 'male', 'Nicaragua', '12269', 'free');
INSERT INTO `usuari` (`usuari_id`, `email`, `password`, `nom_usuari`, `data_naixement`, `sexe`, `pais`, `codi_postal`, `tipo_usuari`) VALUES (18, 'perry85@yahoo.com', '2b90744a8837ee71da3874e70aad5109f8eeb50c', 'ofelia.auer', '1999-05-19 14:33:22', 'male', 'Isle of Man', '63802', 'free');
INSERT INTO `usuari` (`usuari_id`, `email`, `password`, `nom_usuari`, `data_naixement`, `sexe`, `pais`, `codi_postal`, `tipo_usuari`) VALUES (19, 'josianne.barrows@gmail.com', '3c014bc99304bb1526a4881f25ee77c3faa00969', 'ellis.skiles', '1973-06-30 22:22:09', 'male', 'Vietnam', '59704-9540', 'free');
INSERT INTO `usuari` (`usuari_id`, `email`, `password`, `nom_usuari`, `data_naixement`, `sexe`, `pais`, `codi_postal`, `tipo_usuari`) VALUES (20, 'ianderson@mcclure.org', 'a5171dd1d57d3665a83b59820e3edb255637c3ef', 'bettye.miller', '2002-09-28 11:06:37', 'male', 'Djibouti', '33220', 'free');
INSERT INTO `usuari` (`usuari_id`, `email`, `password`, `nom_usuari`, `data_naixement`, `sexe`, `pais`, `codi_postal`, `tipo_usuari`) VALUES (21, 'blanda.oceane@gmail.com', 'c0a36e66cc5510d335fe9add1813661cf6fe5d51', 'ebode', '1988-08-08 16:59:01', 'male', 'French Polynesia', '11376-8370', 'premium');
INSERT INTO `usuari` (`usuari_id`, `email`, `password`, `nom_usuari`, `data_naixement`, `sexe`, `pais`, `codi_postal`, `tipo_usuari`) VALUES (22, 'maybelle.wilderman@bartellcremin.com', '2e1210d3cbb95a27a8958a53f983dac240cfe27a', 'fkunde', '1995-02-13 16:06:44', ' female', 'Armenia', '91139', 'premium');
INSERT INTO `usuari` (`usuari_id`, `email`, `password`, `nom_usuari`, `data_naixement`, `sexe`, `pais`, `codi_postal`, `tipo_usuari`) VALUES (23, 'hermiston.danyka@hilpert.com', 'f7b7a047e565b8dea06a8bef2321b010e9a29df1', 'simonis.peter', '2003-12-25 00:13:18', 'male', 'Brazil', '29196-2903', 'premium');
INSERT INTO `usuari` (`usuari_id`, `email`, `password`, `nom_usuari`, `data_naixement`, `sexe`, `pais`, `codi_postal`, `tipo_usuari`) VALUES (24, 'zortiz@gmail.com', 'ef70e430b1f67bdc3ff3410c2a19e45530c68061', 'jheidenreich', '2009-06-17 14:41:21', ' female', 'Chile', '52437-6071', 'premium');
INSERT INTO `usuari` (`usuari_id`, `email`, `password`, `nom_usuari`, `data_naixement`, `sexe`, `pais`, `codi_postal`, `tipo_usuari`) VALUES (25, 'roberta.dibbert@yahoo.com', '92328451f2834b1121f122873dd77c5edf025f4b', 'marcelino.marvin', '1982-03-20 23:33:06', ' female', 'Guernsey', '26929-2334', 'free');
INSERT INTO `usuari` (`usuari_id`, `email`, `password`, `nom_usuari`, `data_naixement`, `sexe`, `pais`, `codi_postal`, `tipo_usuari`) VALUES (26, 'ricardo37@gmail.com', '70b6638356572bd1702cd0adde3e0c25e9b3837a', 'cherzog', '2016-05-13 01:06:55', ' female', 'Colombia', '66904-4107', 'premium');
INSERT INTO `usuari` (`usuari_id`, `email`, `password`, `nom_usuari`, `data_naixement`, `sexe`, `pais`, `codi_postal`, `tipo_usuari`) VALUES (27, 'rmitchell@yahoo.com', 'adaaa05c35dff9015be3baa0ac9fcfce8adc563f', 'genoveva.fritsch', '1989-02-07 09:21:21', ' female', 'Equatorial Guinea', '58975', 'premium');
INSERT INTO `usuari` (`usuari_id`, `email`, `password`, `nom_usuari`, `data_naixement`, `sexe`, `pais`, `codi_postal`, `tipo_usuari`) VALUES (28, 'oheller@gmail.com', '13087f7c20abb67a7649e613bab8ebb0eac4b2d3', 'magnolia27', '1996-05-29 13:20:47', ' female', 'Pitcairn Islands', '82304', 'free');
INSERT INTO `usuari` (`usuari_id`, `email`, `password`, `nom_usuari`, `data_naixement`, `sexe`, `pais`, `codi_postal`, `tipo_usuari`) VALUES (29, 'hmohr@yahoo.com', '19db8eb2768bddd4134d42bd720cd08ef439a5c9', 'wmorissette', '1979-07-14 06:56:44', ' female', 'Lao People\'s Democratic Republic', '47386', 'free');
INSERT INTO `usuari` (`usuari_id`, `email`, `password`, `nom_usuari`, `data_naixement`, `sexe`, `pais`, `codi_postal`, `tipo_usuari`) VALUES (30, 'korey.krajcik@yahoo.com', '6d99fc107e400a098acfb23d4c8dcaddf8e480d4', 'jordi58', '1992-03-27 01:15:24', ' female', 'Sao Tome and Principe', '24103-4340', 'free');
INSERT INTO `usuari` (`usuari_id`, `email`, `password`, `nom_usuari`, `data_naixement`, `sexe`, `pais`, `codi_postal`, `tipo_usuari`) VALUES (31, 'kellen.beahan@hotmail.com', 'f894951b588e42243e6492f4df76f254a28c4592', 'korn', '1972-02-15 16:46:29', 'male', 'Dominican Republic', '13455', 'premium');
INSERT INTO `usuari` (`usuari_id`, `email`, `password`, `nom_usuari`, `data_naixement`, `sexe`, `pais`, `codi_postal`, `tipo_usuari`) VALUES (32, 'dedric.jaskolski@abernathy.com', '9ccaa3c3552f96b639b3aba1d8dfc684a9e7e134', 'kiana.pacocha', '1972-11-30 17:25:25', 'male', 'Saint Martin', '19300', 'premium');
INSERT INTO `usuari` (`usuari_id`, `email`, `password`, `nom_usuari`, `data_naixement`, `sexe`, `pais`, `codi_postal`, `tipo_usuari`) VALUES (33, 'cheaney@yahoo.com', '13e61db93fd4f8fb7837966d822e7dd5f5f13d48', 'vshields', '2014-06-20 15:12:50', 'male', 'Guinea-Bissau', '43562', 'free');
INSERT INTO `usuari` (`usuari_id`, `email`, `password`, `nom_usuari`, `data_naixement`, `sexe`, `pais`, `codi_postal`, `tipo_usuari`) VALUES (34, 'jaleel04@gmail.com', 'ec4c1b771b1094c40df487d19e64633d1c977dad', 'qpaucek', '1986-08-01 10:41:49', 'male', 'United States Virgin Islands', '95611', 'premium');
INSERT INTO `usuari` (`usuari_id`, `email`, `password`, `nom_usuari`, `data_naixement`, `sexe`, `pais`, `codi_postal`, `tipo_usuari`) VALUES (35, 'stokes.julien@wehner.com', 'ff10a1e70e15f78b6552abd2d1b1aa2e06492ff7', 'fklocko', '2012-09-25 04:16:41', ' female', 'Finland', '88085', 'free');
INSERT INTO `usuari` (`usuari_id`, `email`, `password`, `nom_usuari`, `data_naixement`, `sexe`, `pais`, `codi_postal`, `tipo_usuari`) VALUES (36, 'romaguera.lelah@ruecker.com', '9eabd4f861a0aeb89846b52efe83e7cb7025ea91', 'chaya.cassin', '1999-10-15 11:13:03', ' other', 'Sweden', '47984-5974', 'free');
INSERT INTO `usuari` (`usuari_id`, `email`, `password`, `nom_usuari`, `data_naixement`, `sexe`, `pais`, `codi_postal`, `tipo_usuari`) VALUES (37, 'mackenzie.boehm@hotmail.com', '4e60e65dadab48800ad879c54b68f496db5ed37e', 'emery88', '2010-10-19 11:34:09', ' other', 'Poland', '32269', 'free');
INSERT INTO `usuari` (`usuari_id`, `email`, `password`, `nom_usuari`, `data_naixement`, `sexe`, `pais`, `codi_postal`, `tipo_usuari`) VALUES (38, 'jaylon41@hotmail.com', 'e6477bee6aae4a7e9ef6dfa58444a00529f4fbfb', 'lauren91', '2011-04-16 07:05:59', ' other', 'Brazil', '83867-2993', 'free');
INSERT INTO `usuari` (`usuari_id`, `email`, `password`, `nom_usuari`, `data_naixement`, `sexe`, `pais`, `codi_postal`, `tipo_usuari`) VALUES (39, 'buford18@gmail.com', 'dbad2643d90a02dd66e8857ea48f9b06b6f7614b', 'rau.tremayne', '2022-05-04 05:11:33', 'male', 'Guinea', '95917', 'free');
INSERT INTO `usuari` (`usuari_id`, `email`, `password`, `nom_usuari`, `data_naixement`, `sexe`, `pais`, `codi_postal`, `tipo_usuari`) VALUES (40, 'sid07@yahoo.com', '37df0801933a161cc4ab1f6dc976195979676b16', 'skiles.emmitt', '1983-10-22 20:00:35', ' female', 'Guinea', '03924-2298', 'premium');
INSERT INTO `usuari` (`usuari_id`, `email`, `password`, `nom_usuari`, `data_naixement`, `sexe`, `pais`, `codi_postal`, `tipo_usuari`) VALUES (41, 'mattie55@keebler.info', '0ba04f8c4ec81ee680eb74b70b103f69f214594b', 'vhane', '2001-11-16 23:12:37', ' other', 'Eritrea', '44251-1028', 'premium');
INSERT INTO `usuari` (`usuari_id`, `email`, `password`, `nom_usuari`, `data_naixement`, `sexe`, `pais`, `codi_postal`, `tipo_usuari`) VALUES (42, 'ortiz.nicola@hotmail.com', 'ce9ae065b79a481a46a1b13cd9d44eb9e45059c9', 'mcarroll', '2014-04-12 07:37:51', ' female', 'Panama', '83868', 'free');
INSERT INTO `usuari` (`usuari_id`, `email`, `password`, `nom_usuari`, `data_naixement`, `sexe`, `pais`, `codi_postal`, `tipo_usuari`) VALUES (43, 'owuckert@fisher.com', '8e3aef55b452e25f2407c61b6937fe6e7af62c58', 'mittie.strosin', '2012-05-27 21:06:51', 'male', 'China', '58970-7996', 'free');
INSERT INTO `usuari` (`usuari_id`, `email`, `password`, `nom_usuari`, `data_naixement`, `sexe`, `pais`, `codi_postal`, `tipo_usuari`) VALUES (44, 'borer.wilmer@dubuqueschoen.info', '826d012487df0a1871542dc450e4a5d69823bc0d', 'karina.friesen', '1993-12-19 05:41:07', ' female', 'Uganda', '02789-4538', 'free');
INSERT INTO `usuari` (`usuari_id`, `email`, `password`, `nom_usuari`, `data_naixement`, `sexe`, `pais`, `codi_postal`, `tipo_usuari`) VALUES (45, 'bosco.winona@hotmail.com', '0a9c84c4fd190b5961d222f243ceb3a384f02a2e', 'mcclure.leonardo', '1988-10-04 10:31:44', ' female', 'Austria', '57004-5801', 'premium');
INSERT INTO `usuari` (`usuari_id`, `email`, `password`, `nom_usuari`, `data_naixement`, `sexe`, `pais`, `codi_postal`, `tipo_usuari`) VALUES (46, 'littel.albertha@runolfsson.com', 'cf169e0642459cc265ecc6d8b5e40e10a17f2eca', 'turcotte.arne', '2007-08-25 15:48:29', ' other', 'Japan', '75230', 'free');
INSERT INTO `usuari` (`usuari_id`, `email`, `password`, `nom_usuari`, `data_naixement`, `sexe`, `pais`, `codi_postal`, `tipo_usuari`) VALUES (47, 'eileen.stroman@gmail.com', '3f0a51ab2966e3e7f29576564ff7bcb17de8eb43', 'tobin.feeney', '1986-01-02 19:17:35', ' female', 'Montenegro', '92873-2170', 'free');
INSERT INTO `usuari` (`usuari_id`, `email`, `password`, `nom_usuari`, `data_naixement`, `sexe`, `pais`, `codi_postal`, `tipo_usuari`) VALUES (48, 'runolfsdottir.will@ledner.biz', 'b746e12a7381608233c927252097f060be7870c9', 'marlen.dickinson', '2010-11-28 22:15:29', 'male', 'Western Sahara', '43723-7118', 'premium');
INSERT INTO `usuari` (`usuari_id`, `email`, `password`, `nom_usuari`, `data_naixement`, `sexe`, `pais`, `codi_postal`, `tipo_usuari`) VALUES (49, 'cullen.wyman@yahoo.com', '180e1c50e2bde9b637f013224c5794b651e1fcd1', 'magali58', '2014-01-22 14:11:19', ' female', 'Tajikistan', '75982', 'free');
INSERT INTO `usuari` (`usuari_id`, `email`, `password`, `nom_usuari`, `data_naixement`, `sexe`, `pais`, `codi_postal`, `tipo_usuari`) VALUES (50, 'tyrel37@gmail.com', '3b150510fa5a0544d4fd4148d9b65c39fc4f90ef', 'vandervort.miracle', '2009-09-18 06:15:14', ' other', 'United Kingdom', '34794', 'free');
INSERT INTO `usuari` (`usuari_id`, `email`, `password`, `nom_usuari`, `data_naixement`, `sexe`, `pais`, `codi_postal`, `tipo_usuari`) VALUES (51, 'emosciski@gloverstokes.org', 'e85d099348f757f5f844446d7e9a06eb224dce10', 'meda.kohler', '2003-01-31 09:16:22', 'male', 'Holy See (Vatican City State)', '02890-2222', 'free');
INSERT INTO `usuari` (`usuari_id`, `email`, `password`, `nom_usuari`, `data_naixement`, `sexe`, `pais`, `codi_postal`, `tipo_usuari`) VALUES (52, 'unique37@yahoo.com', '78508725c90dd12cb942c841b8d67dea5a8e39e7', 'vernser', '1993-08-16 19:53:04', ' other', 'Lebanon', '77000-9636', 'free');
INSERT INTO `usuari` (`usuari_id`, `email`, `password`, `nom_usuari`, `data_naixement`, `sexe`, `pais`, `codi_postal`, `tipo_usuari`) VALUES (53, 'turcotte.ardella@schadenzieme.com', 'c42e836c88c5a3dd8e71ed0c1a35c0d65b85949c', 'abe41', '1988-11-22 20:22:18', 'male', 'Bulgaria', '11947-6814', 'free');
INSERT INTO `usuari` (`usuari_id`, `email`, `password`, `nom_usuari`, `data_naixement`, `sexe`, `pais`, `codi_postal`, `tipo_usuari`) VALUES (54, 'blaise29@schillerdickens.com', '1f749e82f2e3972af423674a853687f5b8c353db', 'lkeebler', '1989-11-19 10:38:31', 'male', 'Uzbekistan', '76279-7256', 'premium');
INSERT INTO `usuari` (`usuari_id`, `email`, `password`, `nom_usuari`, `data_naixement`, `sexe`, `pais`, `codi_postal`, `tipo_usuari`) VALUES (55, 'jasmin98@hotmail.com', '540cbf1ed08bac0fc3ac2c1c52a37422f05fc774', 'johnny83', '2020-01-10 21:33:03', 'male', 'Macedonia', '51165-0147', 'premium');
INSERT INTO `usuari` (`usuari_id`, `email`, `password`, `nom_usuari`, `data_naixement`, `sexe`, `pais`, `codi_postal`, `tipo_usuari`) VALUES (56, 'claudia.williamson@feestcasper.org', '9984cb4d0cc229e8cc16f7db9571f5f00bd67baf', 'everardo.ward', '2019-01-25 00:18:28', ' female', 'Israel', '82233', 'premium');
INSERT INTO `usuari` (`usuari_id`, `email`, `password`, `nom_usuari`, `data_naixement`, `sexe`, `pais`, `codi_postal`, `tipo_usuari`) VALUES (57, 'easton.lockman@yahoo.com', '9b773df5506d55a80e520e663b0add5e1d8634af', 'jrunolfsdottir', '1975-11-18 18:44:12', ' female', 'Grenada', '80223-5710', 'premium');
INSERT INTO `usuari` (`usuari_id`, `email`, `password`, `nom_usuari`, `data_naixement`, `sexe`, `pais`, `codi_postal`, `tipo_usuari`) VALUES (58, 'cassandre.schultz@erdman.info', '94c4410c7706e865143203e9b0d1f9a17c31823c', 'xbosco', '2020-04-03 15:58:27', ' other', 'Rwanda', '91105', 'free');
INSERT INTO `usuari` (`usuari_id`, `email`, `password`, `nom_usuari`, `data_naixement`, `sexe`, `pais`, `codi_postal`, `tipo_usuari`) VALUES (59, 'gkuhic@schuppe.info', '71c3073e022ecc35048c5c4851d5566e9869580c', 'oo\'connell', '2014-05-14 07:48:47', ' female', 'Peru', '44036', 'premium');
INSERT INTO `usuari` (`usuari_id`, `email`, `password`, `nom_usuari`, `data_naixement`, `sexe`, `pais`, `codi_postal`, `tipo_usuari`) VALUES (60, 'bauch.willie@hackettherman.com', '9b6ab8c37ce3bf6939d09f318a834deade8c70ad', 'ssteuber', '1984-11-15 13:02:23', 'male', 'Bulgaria', '29710', 'free');
INSERT INTO `usuari` (`usuari_id`, `email`, `password`, `nom_usuari`, `data_naixement`, `sexe`, `pais`, `codi_postal`, `tipo_usuari`) VALUES (61, 'sasha.cronin@schulist.com', '26b5de8d5b2c1411fbda4b5b22ca5c8a5219f70d', 'herzog.vern', '2019-08-05 22:27:28', ' other', 'Cocos (Keeling) Islands', '09206-0591', 'premium');
INSERT INTO `usuari` (`usuari_id`, `email`, `password`, `nom_usuari`, `data_naixement`, `sexe`, `pais`, `codi_postal`, `tipo_usuari`) VALUES (62, 'stanton.waters@keeblerkoch.biz', '9272f463d81ae2a76d0e329a6b3e9b85087bceac', 'little.camren', '1985-04-21 16:17:19', ' female', 'Congo', '86115', 'premium');
INSERT INTO `usuari` (`usuari_id`, `email`, `password`, `nom_usuari`, `data_naixement`, `sexe`, `pais`, `codi_postal`, `tipo_usuari`) VALUES (63, 'hallie86@kozey.com', 'ac2d6e37fcdd8722a9b4b574cfeb2484ca7059e9', 'douglas.micaela', '1977-05-19 16:00:48', ' other', 'Sao Tome and Principe', '60246-2984', 'free');
INSERT INTO `usuari` (`usuari_id`, `email`, `password`, `nom_usuari`, `data_naixement`, `sexe`, `pais`, `codi_postal`, `tipo_usuari`) VALUES (64, 'prohaska.adelia@gmail.com', '40ffa9e30d17ea46ed6e9cba3a580dec4c9d57b2', 'kiehn.dashawn', '2010-09-06 01:02:57', ' other', 'Jordan', '78564', 'premium');
INSERT INTO `usuari` (`usuari_id`, `email`, `password`, `nom_usuari`, `data_naixement`, `sexe`, `pais`, `codi_postal`, `tipo_usuari`) VALUES (65, 'olind@morissette.net', '65d00c9f3b705ec6b205f532a0249dd18287864e', 'emile42', '2012-02-10 05:44:09', ' other', 'France', '50207-3336', 'free');
INSERT INTO `usuari` (`usuari_id`, `email`, `password`, `nom_usuari`, `data_naixement`, `sexe`, `pais`, `codi_postal`, `tipo_usuari`) VALUES (66, 'kling.lorena@tillmancorwin.com', 'b23c08c630c90e196b8ecb9c7142287653bbe78d', 'nkunde', '1971-11-24 09:09:21', ' other', 'Tokelau', '59017-0425', 'free');
INSERT INTO `usuari` (`usuari_id`, `email`, `password`, `nom_usuari`, `data_naixement`, `sexe`, `pais`, `codi_postal`, `tipo_usuari`) VALUES (67, 'victoria17@yahoo.com', '65f0856f5ca704449e8a3db4d1906cdad737c000', 'justen41', '1979-11-12 18:28:43', 'male', 'Luxembourg', '21644-9376', 'free');
INSERT INTO `usuari` (`usuari_id`, `email`, `password`, `nom_usuari`, `data_naixement`, `sexe`, `pais`, `codi_postal`, `tipo_usuari`) VALUES (68, 'odaugherty@gmail.com', 'df82b00531eefc7657157d8da54458ec49e278eb', 'maribel71', '1989-08-05 13:27:55', ' female', 'Gambia', '64738', 'premium');
INSERT INTO `usuari` (`usuari_id`, `email`, `password`, `nom_usuari`, `data_naixement`, `sexe`, `pais`, `codi_postal`, `tipo_usuari`) VALUES (69, 'rkuphal@yahoo.com', 'a1b3d944dc0d1cb635cc928e8839f95b7dc4b716', 'emmy.cruickshank', '2017-04-05 03:18:16', ' female', 'Cyprus', '42763', 'premium');
INSERT INTO `usuari` (`usuari_id`, `email`, `password`, `nom_usuari`, `data_naixement`, `sexe`, `pais`, `codi_postal`, `tipo_usuari`) VALUES (70, 'abigayle79@yahoo.com', 'c7508d96e398511624832ce84d29db658ec54ff1', 'eileen.dickens', '2011-11-19 16:45:40', ' female', 'Guyana', '76181', 'premium');
INSERT INTO `usuari` (`usuari_id`, `email`, `password`, `nom_usuari`, `data_naixement`, `sexe`, `pais`, `codi_postal`, `tipo_usuari`) VALUES (71, 'hcummings@yahoo.com', '55f985fc253f3e5f4937df65040771d63a5b3ccf', 'rosanna.nolan', '1995-12-26 23:59:23', 'male', 'Turkmenistan', '42104', 'premium');
INSERT INTO `usuari` (`usuari_id`, `email`, `password`, `nom_usuari`, `data_naixement`, `sexe`, `pais`, `codi_postal`, `tipo_usuari`) VALUES (72, 'mccullough.maye@koss.com', 'df4ccf57d42d9694be4f68f536d3c243aab4a26a', 'louvenia18', '1973-07-27 15:33:23', ' other', 'Nauru', '55883', 'premium');
INSERT INTO `usuari` (`usuari_id`, `email`, `password`, `nom_usuari`, `data_naixement`, `sexe`, `pais`, `codi_postal`, `tipo_usuari`) VALUES (73, 'wolf.margarett@gmail.com', '7d8070f42147e4a1f89efad038fed7b10b01cd32', 'considine.norma', '2002-07-18 05:10:56', ' female', 'Ukraine', '65287-4894', 'free');
INSERT INTO `usuari` (`usuari_id`, `email`, `password`, `nom_usuari`, `data_naixement`, `sexe`, `pais`, `codi_postal`, `tipo_usuari`) VALUES (74, 'kaley.christiansen@blanda.com', '8be05e11303bf4a25fbb86c9ed0b4ef30bc5c9e9', 'fzulauf', '1976-06-03 19:10:00', 'male', 'Samoa', '21681', 'free');
INSERT INTO `usuari` (`usuari_id`, `email`, `password`, `nom_usuari`, `data_naixement`, `sexe`, `pais`, `codi_postal`, `tipo_usuari`) VALUES (75, 'lowe.geoffrey@yahoo.com', '7276e01e9c3f05475b11381c02bb00e1f3b5aafd', 'christopher.franecki', '1981-07-27 03:10:00', ' female', 'Nepal', '13768-1088', 'premium');
INSERT INTO `usuari` (`usuari_id`, `email`, `password`, `nom_usuari`, `data_naixement`, `sexe`, `pais`, `codi_postal`, `tipo_usuari`) VALUES (76, 'gene.roob@gmail.com', '508a6543fe14bacc027ba466e7fdb9c10f754028', 'hayes.randy', '2010-08-16 18:22:43', ' female', 'Pakistan', '25623-0680', 'free');
INSERT INTO `usuari` (`usuari_id`, `email`, `password`, `nom_usuari`, `data_naixement`, `sexe`, `pais`, `codi_postal`, `tipo_usuari`) VALUES (77, 'pemard@gmail.com', 'ebd022c3c6c34a7f460229050d2b29165f16cbdf', 'bradtke.syble', '2017-05-23 03:30:52', 'male', 'Costa Rica', '03468', 'free');
INSERT INTO `usuari` (`usuari_id`, `email`, `password`, `nom_usuari`, `data_naixement`, `sexe`, `pais`, `codi_postal`, `tipo_usuari`) VALUES (78, 'zaria.ward@hotmail.com', '8a864f576947e28908a5368671a59a077287a00c', 'weissnat.jaunita', '2009-05-28 19:25:05', ' female', 'French Guiana', '00637', 'premium');
INSERT INTO `usuari` (`usuari_id`, `email`, `password`, `nom_usuari`, `data_naixement`, `sexe`, `pais`, `codi_postal`, `tipo_usuari`) VALUES (79, 'xconroy@klein.com', '0d9ac281143361229f64a69290edc9cfe203c515', 'hane.stefan', '1974-04-06 09:37:44', ' other', 'Niue', '14802-2815', 'free');
INSERT INTO `usuari` (`usuari_id`, `email`, `password`, `nom_usuari`, `data_naixement`, `sexe`, `pais`, `codi_postal`, `tipo_usuari`) VALUES (80, 'kbecker@hermann.biz', '0c6392304df9b2908d7afa4be2f64ef2623b2b53', 'murazik.hardy', '1989-12-31 07:01:28', ' other', 'Sudan', '21453-9025', 'premium');
INSERT INTO `usuari` (`usuari_id`, `email`, `password`, `nom_usuari`, `data_naixement`, `sexe`, `pais`, `codi_postal`, `tipo_usuari`) VALUES (81, 'jazmin84@hotmail.com', '4a32c625c84f84ea65d94b6489e23d10e2324744', 'drowe', '1990-11-25 23:30:51', ' female', 'Ukraine', '21024', 'free');
INSERT INTO `usuari` (`usuari_id`, `email`, `password`, `nom_usuari`, `data_naixement`, `sexe`, `pais`, `codi_postal`, `tipo_usuari`) VALUES (82, 'darrell.kiehn@hirthe.com', 'b1d7ff005e9490d97e787940376d26f5130c8651', 'ashly.lowe', '2022-08-03 04:34:38', ' other', 'Romania', '17005', 'premium');
INSERT INTO `usuari` (`usuari_id`, `email`, `password`, `nom_usuari`, `data_naixement`, `sexe`, `pais`, `codi_postal`, `tipo_usuari`) VALUES (83, 'boyle.savanah@hotmail.com', '1e5fc11519b836ceead3f17a147b45211094238c', 'alexys.prohaska', '2003-01-19 10:35:07', ' other', 'Netherlands Antilles', '79026-3507', 'premium');
INSERT INTO `usuari` (`usuari_id`, `email`, `password`, `nom_usuari`, `data_naixement`, `sexe`, `pais`, `codi_postal`, `tipo_usuari`) VALUES (84, 'idickinson@gmail.com', 'b90b9b8d100b722ed52a9b692d101b82b7183bff', 'hermiston.nat', '1986-02-25 13:52:53', ' female', 'Spain', '03254', 'free');
INSERT INTO `usuari` (`usuari_id`, `email`, `password`, `nom_usuari`, `data_naixement`, `sexe`, `pais`, `codi_postal`, `tipo_usuari`) VALUES (85, 'briana.nader@gmail.com', 'c7c4eacb88d5bd109caedb995c78062224d03bf5', 'parisian.nels', '2019-12-08 08:18:30', ' female', 'Cocos (Keeling) Islands', '30636', 'free');
INSERT INTO `usuari` (`usuari_id`, `email`, `password`, `nom_usuari`, `data_naixement`, `sexe`, `pais`, `codi_postal`, `tipo_usuari`) VALUES (86, 'green.morar@kuhn.biz', '7e5f7d5f8b9922822812a4f40dcc4ffd1c901c8e', 'shirley.dooley', '1983-04-04 05:03:48', ' other', 'Northern Mariana Islands', '58671', 'premium');
INSERT INTO `usuari` (`usuari_id`, `email`, `password`, `nom_usuari`, `data_naixement`, `sexe`, `pais`, `codi_postal`, `tipo_usuari`) VALUES (87, 'mina46@stoltenberg.com', 'e182273dfddd4319e11bdb309e5ddd6f8c393c7d', 'brendon08', '2003-08-19 00:53:32', ' other', 'Norway', '27147', 'premium');
INSERT INTO `usuari` (`usuari_id`, `email`, `password`, `nom_usuari`, `data_naixement`, `sexe`, `pais`, `codi_postal`, `tipo_usuari`) VALUES (88, 'carmen.waters@hotmail.com', 'eb8da334e516d81746af4d0df0f79956ca0dd799', 'gdeckow', '2021-10-10 21:47:26', ' other', 'Saint Martin', '91142-2483', 'free');
INSERT INTO `usuari` (`usuari_id`, `email`, `password`, `nom_usuari`, `data_naixement`, `sexe`, `pais`, `codi_postal`, `tipo_usuari`) VALUES (89, 'qfeil@yahoo.com', '3170afacf355be2910e3541f2226dba892091ef6', 'sofia70', '1989-04-27 03:45:59', 'male', 'Italy', '88029', 'free');
INSERT INTO `usuari` (`usuari_id`, `email`, `password`, `nom_usuari`, `data_naixement`, `sexe`, `pais`, `codi_postal`, `tipo_usuari`) VALUES (90, 'eichmann.deron@hamill.com', '1f392aa0e923503a1dcfc048510e0ec425b0577e', 'zion.trantow', '1986-09-27 17:25:55', ' female', 'Portugal', '35046-2181', 'free');
INSERT INTO `usuari` (`usuari_id`, `email`, `password`, `nom_usuari`, `data_naixement`, `sexe`, `pais`, `codi_postal`, `tipo_usuari`) VALUES (91, 'emelia44@rippin.info', 'e6ba7be314bee7454cac0c5c2e29b01b3b68aba2', 'ihessel', '2004-08-08 22:09:32', 'male', 'Pitcairn Islands', '56386', 'free');
INSERT INTO `usuari` (`usuari_id`, `email`, `password`, `nom_usuari`, `data_naixement`, `sexe`, `pais`, `codi_postal`, `tipo_usuari`) VALUES (92, 'schmeler.sonia@bruenhayes.com', '144fdd969d02e717afcd10179b88938e9981843d', 'oquitzon', '1971-01-13 14:08:39', 'male', 'Switzerland', '61993-2042', 'premium');
INSERT INTO `usuari` (`usuari_id`, `email`, `password`, `nom_usuari`, `data_naixement`, `sexe`, `pais`, `codi_postal`, `tipo_usuari`) VALUES (93, 'turcotte.lew@simonisbergstrom.info', '7a920ad462c2bdfdc1fbad2b0f54372f13827df8', 'lkrajcik', '1989-06-12 10:31:06', ' female', 'Palestinian Territory', '64197', 'premium');
INSERT INTO `usuari` (`usuari_id`, `email`, `password`, `nom_usuari`, `data_naixement`, `sexe`, `pais`, `codi_postal`, `tipo_usuari`) VALUES (94, 'thiel.randal@schmeler.com', '8cc131e411e2e3e8939d8fd3f15b54625c6888f9', 'td\'amore', '1990-07-01 05:43:43', 'male', 'Kenya', '26905-8051', 'free');
INSERT INTO `usuari` (`usuari_id`, `email`, `password`, `nom_usuari`, `data_naixement`, `sexe`, `pais`, `codi_postal`, `tipo_usuari`) VALUES (95, 'madilyn.nienow@hauck.com', 'dae9b3de66eaaa41b2898d90f88479723138a130', 'akerluke', '2016-01-11 21:37:54', 'male', 'Dominica', '35986', 'premium');
INSERT INTO `usuari` (`usuari_id`, `email`, `password`, `nom_usuari`, `data_naixement`, `sexe`, `pais`, `codi_postal`, `tipo_usuari`) VALUES (96, 'scot91@hotmail.com', '3543ce6650de21dee86a5fe5ad0e4570204e9025', 'clark80', '2007-03-17 08:47:36', ' female', 'Dominican Republic', '34992', 'free');
INSERT INTO `usuari` (`usuari_id`, `email`, `password`, `nom_usuari`, `data_naixement`, `sexe`, `pais`, `codi_postal`, `tipo_usuari`) VALUES (97, 'ewiegand@hotmail.com', '03440c09bb0d1cd780b3b4e02c91342a78372ce3', 'goyette.julie', '1981-02-05 14:19:33', ' other', 'Ghana', '99925-0207', 'premium');
INSERT INTO `usuari` (`usuari_id`, `email`, `password`, `nom_usuari`, `data_naixement`, `sexe`, `pais`, `codi_postal`, `tipo_usuari`) VALUES (98, 'zkoch@hotmail.com', '2643940a3da81ddd13e2c17ec51c528363c4b24d', 'barton.douglas', '1974-04-16 12:44:16', ' female', 'Maldives', '27217', 'premium');
INSERT INTO `usuari` (`usuari_id`, `email`, `password`, `nom_usuari`, `data_naixement`, `sexe`, `pais`, `codi_postal`, `tipo_usuari`) VALUES (99, 'ahmed97@kuphal.org', '01fdf9b4df95d8b31bf9bd2197b2d467be0bdb8b', 'qharber', '1973-10-09 05:49:50', 'male', 'Tokelau', '30409', 'premium');
INSERT INTO `usuari` (`usuari_id`, `email`, `password`, `nom_usuari`, `data_naixement`, `sexe`, `pais`, `codi_postal`, `tipo_usuari`) VALUES (100, 'qnader@gmail.com', '49629c23f6d1a34dd03e0542441670f4abc9a480', 'nmcglynn', '2018-05-30 04:40:44', ' female', 'Macedonia', '81615', 'premium');


INSERT INTO `artista` (`artista_id`, `nom`, `imatge_url`) VALUES (1, 'Arnoldo Wehner', 'https://loremflickr.com/640/480/singer/');
INSERT INTO `artista` (`artista_id`, `nom`, `imatge_url`) VALUES (2, 'Raymundo Stehr', 'https://loremflickr.com/640/480/singer/');
INSERT INTO `artista` (`artista_id`, `nom`, `imatge_url`) VALUES (3, 'Mellie Nolan', 'https://loremflickr.com/640/480/singer/');
INSERT INTO `artista` (`artista_id`, `nom`, `imatge_url`) VALUES (4, 'Miss Kathlyn Funk I', 'https://loremflickr.com/640/480/singer/');
INSERT INTO `artista` (`artista_id`, `nom`, `imatge_url`) VALUES (5, 'Ivy Simonis', 'https://loremflickr.com/640/480/singer/');
INSERT INTO `artista` (`artista_id`, `nom`, `imatge_url`) VALUES (6, 'Dr. Geovany Swaniawski V', 'https://loremflickr.com/640/480/singer/');
INSERT INTO `artista` (`artista_id`, `nom`, `imatge_url`) VALUES (7, 'Trace Cummerata', 'https://loremflickr.com/640/480/singer/');
INSERT INTO `artista` (`artista_id`, `nom`, `imatge_url`) VALUES (8, 'Deon Nicolas', 'https://loremflickr.com/640/480/singer/');
INSERT INTO `artista` (`artista_id`, `nom`, `imatge_url`) VALUES (9, 'Krystel Hessel', 'https://loremflickr.com/640/480/singer/');
INSERT INTO `artista` (`artista_id`, `nom`, `imatge_url`) VALUES (10, 'Dixie Huels', 'https://loremflickr.com/640/480/singer/');
INSERT INTO `artista` (`artista_id`, `nom`, `imatge_url`) VALUES (11, 'Andreane Jerde', 'https://loremflickr.com/640/480/singer/');
INSERT INTO `artista` (`artista_id`, `nom`, `imatge_url`) VALUES (12, 'Prof. Sedrick Luettgen', 'https://loremflickr.com/640/480/singer/');
INSERT INTO `artista` (`artista_id`, `nom`, `imatge_url`) VALUES (13, 'Prof. Aracely Friesen PhD', 'https://loremflickr.com/640/480/singer/');
INSERT INTO `artista` (`artista_id`, `nom`, `imatge_url`) VALUES (14, 'Mrs. Holly Denesik Jr.', 'https://loremflickr.com/640/480/singer/');
INSERT INTO `artista` (`artista_id`, `nom`, `imatge_url`) VALUES (15, 'Mr. Rey Rippin', 'https://loremflickr.com/640/480/singer/');
INSERT INTO `artista` (`artista_id`, `nom`, `imatge_url`) VALUES (16, 'Nedra Gerlach II', 'https://loremflickr.com/640/480/singer/');
INSERT INTO `artista` (`artista_id`, `nom`, `imatge_url`) VALUES (17, 'Merlin Hintz', 'https://loremflickr.com/640/480/singer/');
INSERT INTO `artista` (`artista_id`, `nom`, `imatge_url`) VALUES (18, 'Yolanda Koelpin', 'https://loremflickr.com/640/480/singer/');
INSERT INTO `artista` (`artista_id`, `nom`, `imatge_url`) VALUES (19, 'Maxine Brakus', 'https://loremflickr.com/640/480/singer/');
INSERT INTO `artista` (`artista_id`, `nom`, `imatge_url`) VALUES (20, 'Mireya Kris', 'https://loremflickr.com/640/480/singer/');
INSERT INTO `artista` (`artista_id`, `nom`, `imatge_url`) VALUES (21, 'Salvatore Kutch', 'https://loremflickr.com/640/480/singer/');
INSERT INTO `artista` (`artista_id`, `nom`, `imatge_url`) VALUES (22, 'Mr. Faustino Fadel I', 'https://loremflickr.com/640/480/singer/');
INSERT INTO `artista` (`artista_id`, `nom`, `imatge_url`) VALUES (23, 'Haylee Kautzer MD', 'https://loremflickr.com/640/480/singer/');
INSERT INTO `artista` (`artista_id`, `nom`, `imatge_url`) VALUES (24, 'Bethel Kunze', 'https://loremflickr.com/640/480/singer/');
INSERT INTO `artista` (`artista_id`, `nom`, `imatge_url`) VALUES (25, 'Dr. Kiel Douglas IV', 'https://loremflickr.com/640/480/singer/');
INSERT INTO `artista` (`artista_id`, `nom`, `imatge_url`) VALUES (26, 'Wilfred Mraz', 'https://loremflickr.com/640/480/singer/');
INSERT INTO `artista` (`artista_id`, `nom`, `imatge_url`) VALUES (27, 'Bailee Predovic', 'https://loremflickr.com/640/480/singer/');
INSERT INTO `artista` (`artista_id`, `nom`, `imatge_url`) VALUES (28, 'Marianne Torp', 'https://loremflickr.com/640/480/singer/');
INSERT INTO `artista` (`artista_id`, `nom`, `imatge_url`) VALUES (29, 'Drew Parker', 'https://loremflickr.com/640/480/singer/');
INSERT INTO `artista` (`artista_id`, `nom`, `imatge_url`) VALUES (30, 'Anabel Christiansen DVM', 'https://loremflickr.com/640/480/singer/');
INSERT INTO `artista` (`artista_id`, `nom`, `imatge_url`) VALUES (31, 'Prof. Sigurd Gibson', 'https://loremflickr.com/640/480/singer/');
INSERT INTO `artista` (`artista_id`, `nom`, `imatge_url`) VALUES (32, 'Jaime Morissette', 'https://loremflickr.com/640/480/singer/');
INSERT INTO `artista` (`artista_id`, `nom`, `imatge_url`) VALUES (33, 'Scot Volkman', 'https://loremflickr.com/640/480/singer/');
INSERT INTO `artista` (`artista_id`, `nom`, `imatge_url`) VALUES (34, 'Colleen Gottlieb', 'https://loremflickr.com/640/480/singer/');
INSERT INTO `artista` (`artista_id`, `nom`, `imatge_url`) VALUES (35, 'Jaron Ebert', 'https://loremflickr.com/640/480/singer/');
INSERT INTO `artista` (`artista_id`, `nom`, `imatge_url`) VALUES (36, 'Saige Durgan', 'https://loremflickr.com/640/480/singer/');
INSERT INTO `artista` (`artista_id`, `nom`, `imatge_url`) VALUES (37, 'Elda Auer', 'https://loremflickr.com/640/480/singer/');
INSERT INTO `artista` (`artista_id`, `nom`, `imatge_url`) VALUES (38, 'Stella Predovic V', 'https://loremflickr.com/640/480/singer/');
INSERT INTO `artista` (`artista_id`, `nom`, `imatge_url`) VALUES (39, 'Otto Ward DDS', 'https://loremflickr.com/640/480/singer/');
INSERT INTO `artista` (`artista_id`, `nom`, `imatge_url`) VALUES (40, 'Aditya Effertz', 'https://loremflickr.com/640/480/singer/');
INSERT INTO `artista` (`artista_id`, `nom`, `imatge_url`) VALUES (41, 'Dr. Forest Brakus DDS', 'https://loremflickr.com/640/480/singer/');
INSERT INTO `artista` (`artista_id`, `nom`, `imatge_url`) VALUES (42, 'Dr. Elinor Bergnaum Sr.', 'https://loremflickr.com/640/480/singer/');
INSERT INTO `artista` (`artista_id`, `nom`, `imatge_url`) VALUES (43, 'Leonard Hermann', 'https://loremflickr.com/640/480/singer/');
INSERT INTO `artista` (`artista_id`, `nom`, `imatge_url`) VALUES (44, 'Jo Considine I', 'https://loremflickr.com/640/480/singer/');
INSERT INTO `artista` (`artista_id`, `nom`, `imatge_url`) VALUES (45, 'Susanna Pfannerstill', 'https://loremflickr.com/640/480/singer/');
INSERT INTO `artista` (`artista_id`, `nom`, `imatge_url`) VALUES (46, 'Camron Zboncak', 'https://loremflickr.com/640/480/singer/');
INSERT INTO `artista` (`artista_id`, `nom`, `imatge_url`) VALUES (47, 'Fannie Hamill', 'https://loremflickr.com/640/480/singer/');
INSERT INTO `artista` (`artista_id`, `nom`, `imatge_url`) VALUES (48, 'Garth Miller', 'https://loremflickr.com/640/480/singer/');
INSERT INTO `artista` (`artista_id`, `nom`, `imatge_url`) VALUES (49, 'Jessica Greenfelder', 'https://loremflickr.com/640/480/singer/');
INSERT INTO `artista` (`artista_id`, `nom`, `imatge_url`) VALUES (50, 'Juliet Haag', 'https://loremflickr.com/640/480/singer/');
INSERT INTO `artista` (`artista_id`, `nom`, `imatge_url`) VALUES (51, 'Lionel Franecki DDS', 'https://loremflickr.com/640/480/singer/');
INSERT INTO `artista` (`artista_id`, `nom`, `imatge_url`) VALUES (52, 'Dr. Melody Kutch', 'https://loremflickr.com/640/480/singer/');
INSERT INTO `artista` (`artista_id`, `nom`, `imatge_url`) VALUES (53, 'Mrs. Christa Watsica DVM', 'https://loremflickr.com/640/480/singer/');
INSERT INTO `artista` (`artista_id`, `nom`, `imatge_url`) VALUES (54, 'Ms. Lauren Swaniawski PhD', 'https://loremflickr.com/640/480/singer/');
INSERT INTO `artista` (`artista_id`, `nom`, `imatge_url`) VALUES (55, 'Rowan Osinski Sr.', 'https://loremflickr.com/640/480/singer/');
INSERT INTO `artista` (`artista_id`, `nom`, `imatge_url`) VALUES (56, 'Miss Leora Turner III', 'https://loremflickr.com/640/480/singer/');
INSERT INTO `artista` (`artista_id`, `nom`, `imatge_url`) VALUES (57, 'Louvenia Willms I', 'https://loremflickr.com/640/480/singer/');
INSERT INTO `artista` (`artista_id`, `nom`, `imatge_url`) VALUES (58, 'Brielle Zulauf', 'https://loremflickr.com/640/480/singer/');
INSERT INTO `artista` (`artista_id`, `nom`, `imatge_url`) VALUES (59, 'Lexie Bauch', 'https://loremflickr.com/640/480/singer/');
INSERT INTO `artista` (`artista_id`, `nom`, `imatge_url`) VALUES (60, 'Evie Halvorson', 'https://loremflickr.com/640/480/singer/');
INSERT INTO `artista` (`artista_id`, `nom`, `imatge_url`) VALUES (61, 'Teresa Schamberger III', 'https://loremflickr.com/640/480/singer/');
INSERT INTO `artista` (`artista_id`, `nom`, `imatge_url`) VALUES (62, 'Marcelle Hayes', 'https://loremflickr.com/640/480/singer/');
INSERT INTO `artista` (`artista_id`, `nom`, `imatge_url`) VALUES (63, 'Destin Miller', 'https://loremflickr.com/640/480/singer/');
INSERT INTO `artista` (`artista_id`, `nom`, `imatge_url`) VALUES (64, 'Zack Lehner', 'https://loremflickr.com/640/480/singer/');
INSERT INTO `artista` (`artista_id`, `nom`, `imatge_url`) VALUES (65, 'Tillman Reynolds', 'https://loremflickr.com/640/480/singer/');
INSERT INTO `artista` (`artista_id`, `nom`, `imatge_url`) VALUES (66, 'Devan Gleason II', 'https://loremflickr.com/640/480/singer/');
INSERT INTO `artista` (`artista_id`, `nom`, `imatge_url`) VALUES (67, 'Aryanna Grimes', 'https://loremflickr.com/640/480/singer/');
INSERT INTO `artista` (`artista_id`, `nom`, `imatge_url`) VALUES (68, 'Sydney Ebert Jr.', 'https://loremflickr.com/640/480/singer/');
INSERT INTO `artista` (`artista_id`, `nom`, `imatge_url`) VALUES (69, 'Miss Michaela Rolfson', 'https://loremflickr.com/640/480/singer/');
INSERT INTO `artista` (`artista_id`, `nom`, `imatge_url`) VALUES (70, 'Dr. Cortez O\'Hara', 'https://loremflickr.com/640/480/singer/');
INSERT INTO `artista` (`artista_id`, `nom`, `imatge_url`) VALUES (71, 'Raina Schumm', 'https://loremflickr.com/640/480/singer/');
INSERT INTO `artista` (`artista_id`, `nom`, `imatge_url`) VALUES (72, 'Leslie Block', 'https://loremflickr.com/640/480/singer/');
INSERT INTO `artista` (`artista_id`, `nom`, `imatge_url`) VALUES (73, 'Christina Huel DVM', 'https://loremflickr.com/640/480/singer/');
INSERT INTO `artista` (`artista_id`, `nom`, `imatge_url`) VALUES (74, 'Ms. Shannon Padberg DDS', 'https://loremflickr.com/640/480/singer/');
INSERT INTO `artista` (`artista_id`, `nom`, `imatge_url`) VALUES (75, 'Dr. Justen Heller', 'https://loremflickr.com/640/480/singer/');
INSERT INTO `artista` (`artista_id`, `nom`, `imatge_url`) VALUES (76, 'Prof. Genesis Oberbrunner', 'https://loremflickr.com/640/480/singer/');
INSERT INTO `artista` (`artista_id`, `nom`, `imatge_url`) VALUES (77, 'Clyde Mosciski', 'https://loremflickr.com/640/480/singer/');
INSERT INTO `artista` (`artista_id`, `nom`, `imatge_url`) VALUES (78, 'Nakia Romaguera', 'https://loremflickr.com/640/480/singer/');
INSERT INTO `artista` (`artista_id`, `nom`, `imatge_url`) VALUES (79, 'Willard Little', 'https://loremflickr.com/640/480/singer/');
INSERT INTO `artista` (`artista_id`, `nom`, `imatge_url`) VALUES (80, 'Laverne Beer V', 'https://loremflickr.com/640/480/singer/');
INSERT INTO `artista` (`artista_id`, `nom`, `imatge_url`) VALUES (81, 'Miss Viviane Franecki MD', 'https://loremflickr.com/640/480/singer/');
INSERT INTO `artista` (`artista_id`, `nom`, `imatge_url`) VALUES (82, 'Prof. Arvid Thiel', 'https://loremflickr.com/640/480/singer/');
INSERT INTO `artista` (`artista_id`, `nom`, `imatge_url`) VALUES (83, 'Gregory Kozey', 'https://loremflickr.com/640/480/singer/');
INSERT INTO `artista` (`artista_id`, `nom`, `imatge_url`) VALUES (84, 'Prof. Carole Gleason', 'https://loremflickr.com/640/480/singer/');
INSERT INTO `artista` (`artista_id`, `nom`, `imatge_url`) VALUES (85, 'Myriam Gislason PhD', 'https://loremflickr.com/640/480/singer/');
INSERT INTO `artista` (`artista_id`, `nom`, `imatge_url`) VALUES (86, 'Tomasa Terry', 'https://loremflickr.com/640/480/singer/');
INSERT INTO `artista` (`artista_id`, `nom`, `imatge_url`) VALUES (87, 'Antwon Huel', 'https://loremflickr.com/640/480/singer/');
INSERT INTO `artista` (`artista_id`, `nom`, `imatge_url`) VALUES (88, 'Darlene Barton', 'https://loremflickr.com/640/480/singer/');
INSERT INTO `artista` (`artista_id`, `nom`, `imatge_url`) VALUES (89, 'Furman Moen', 'https://loremflickr.com/640/480/singer/');
INSERT INTO `artista` (`artista_id`, `nom`, `imatge_url`) VALUES (90, 'Dr. Judah Runolfsson II', 'https://loremflickr.com/640/480/singer/');
INSERT INTO `artista` (`artista_id`, `nom`, `imatge_url`) VALUES (91, 'Thaddeus Langosh', 'https://loremflickr.com/640/480/singer/');
INSERT INTO `artista` (`artista_id`, `nom`, `imatge_url`) VALUES (92, 'Mrs. Maria Cartwright', 'https://loremflickr.com/640/480/singer/');
INSERT INTO `artista` (`artista_id`, `nom`, `imatge_url`) VALUES (93, 'Vern Thompson', 'https://loremflickr.com/640/480/singer/');
INSERT INTO `artista` (`artista_id`, `nom`, `imatge_url`) VALUES (94, 'Keira Dickinson', 'https://loremflickr.com/640/480/singer/');
INSERT INTO `artista` (`artista_id`, `nom`, `imatge_url`) VALUES (95, 'Anderson Fay', 'https://loremflickr.com/640/480/singer/');
INSERT INTO `artista` (`artista_id`, `nom`, `imatge_url`) VALUES (96, 'Bobby Thompson', 'https://loremflickr.com/640/480/singer/');
INSERT INTO `artista` (`artista_id`, `nom`, `imatge_url`) VALUES (97, 'Shirley Hane', 'https://loremflickr.com/640/480/singer/');
INSERT INTO `artista` (`artista_id`, `nom`, `imatge_url`) VALUES (98, 'Prof. Jovanny Hoppe', 'https://loremflickr.com/640/480/singer/');
INSERT INTO `artista` (`artista_id`, `nom`, `imatge_url`) VALUES (99, 'Lyda O\'Keefe', 'https://loremflickr.com/640/480/singer/');
INSERT INTO `artista` (`artista_id`, `nom`, `imatge_url`) VALUES (100, 'Felton Grimes', 'https://loremflickr.com/640/480/singer/');

INSERT INTO `album` (`album_id`, `artista_id`, `titol`, `any_publicacio`, `img_portada_url`) VALUES (1, 23, 'ut', '2002', 'https://loremflickr.com/640/480/music/');
INSERT INTO `album` (`album_id`, `artista_id`, `titol`, `any_publicacio`, `img_portada_url`) VALUES (2, 70, 'molestias', '1976', 'https://loremflickr.com/640/480/music/');
INSERT INTO `album` (`album_id`, `artista_id`, `titol`, `any_publicacio`, `img_portada_url`) VALUES (3, 88, 'veniam', '1987', 'https://loremflickr.com/640/480/music/');
INSERT INTO `album` (`album_id`, `artista_id`, `titol`, `any_publicacio`, `img_portada_url`) VALUES (4, 52, 'veritatis', '1981', 'https://loremflickr.com/640/480/music/');
INSERT INTO `album` (`album_id`, `artista_id`, `titol`, `any_publicacio`, `img_portada_url`) VALUES (5, 2, 'laudantium', '2010', 'https://loremflickr.com/640/480/music/');
INSERT INTO `album` (`album_id`, `artista_id`, `titol`, `any_publicacio`, `img_portada_url`) VALUES (6, 97, 'sunt', '2013', 'https://loremflickr.com/640/480/music/');
INSERT INTO `album` (`album_id`, `artista_id`, `titol`, `any_publicacio`, `img_portada_url`) VALUES (7, 12, 'sed', '1980', 'https://loremflickr.com/640/480/music/');
INSERT INTO `album` (`album_id`, `artista_id`, `titol`, `any_publicacio`, `img_portada_url`) VALUES (8, 65, 'eveniet', '1982', 'https://loremflickr.com/640/480/music/');
INSERT INTO `album` (`album_id`, `artista_id`, `titol`, `any_publicacio`, `img_portada_url`) VALUES (9, 55, 'quo', '2004', 'https://loremflickr.com/640/480/music/');
INSERT INTO `album` (`album_id`, `artista_id`, `titol`, `any_publicacio`, `img_portada_url`) VALUES (10, 10, 'quaerat', '1987', 'https://loremflickr.com/640/480/music/');
INSERT INTO `album` (`album_id`, `artista_id`, `titol`, `any_publicacio`, `img_portada_url`) VALUES (11, 22, 'eum', '1982', 'https://loremflickr.com/640/480/music/');
INSERT INTO `album` (`album_id`, `artista_id`, `titol`, `any_publicacio`, `img_portada_url`) VALUES (12, 68, 'eum', '1999', 'https://loremflickr.com/640/480/music/');
INSERT INTO `album` (`album_id`, `artista_id`, `titol`, `any_publicacio`, `img_portada_url`) VALUES (13, 14, 'accusamus', '1986', 'https://loremflickr.com/640/480/music/');
INSERT INTO `album` (`album_id`, `artista_id`, `titol`, `any_publicacio`, `img_portada_url`) VALUES (14, 66, 'quia', '1970', 'https://loremflickr.com/640/480/music/');
INSERT INTO `album` (`album_id`, `artista_id`, `titol`, `any_publicacio`, `img_portada_url`) VALUES (15, 33, 'est', '2012', 'https://loremflickr.com/640/480/music/');
INSERT INTO `album` (`album_id`, `artista_id`, `titol`, `any_publicacio`, `img_portada_url`) VALUES (16, 16, 'quis', '1972', 'https://loremflickr.com/640/480/music/');
INSERT INTO `album` (`album_id`, `artista_id`, `titol`, `any_publicacio`, `img_portada_url`) VALUES (17, 39, 'illum', '1970', 'https://loremflickr.com/640/480/music/');
INSERT INTO `album` (`album_id`, `artista_id`, `titol`, `any_publicacio`, `img_portada_url`) VALUES (18, 2, 'et', '2001', 'https://loremflickr.com/640/480/music/');
INSERT INTO `album` (`album_id`, `artista_id`, `titol`, `any_publicacio`, `img_portada_url`) VALUES (19, 97, 'quia', '1976', 'https://loremflickr.com/640/480/music/');
INSERT INTO `album` (`album_id`, `artista_id`, `titol`, `any_publicacio`, `img_portada_url`) VALUES (20, 86, 'iusto', '2002', 'https://loremflickr.com/640/480/music/');

INSERT INTO `album_favorit` (`usuari_id`, `album_id`) VALUES (3, 9);
INSERT INTO `album_favorit` (`usuari_id`, `album_id`) VALUES (3, 14);
INSERT INTO `album_favorit` (`usuari_id`, `album_id`) VALUES (6, 10);
INSERT INTO `album_favorit` (`usuari_id`, `album_id`) VALUES (7, 3);
INSERT INTO `album_favorit` (`usuari_id`, `album_id`) VALUES (9, 6);
INSERT INTO `album_favorit` (`usuari_id`, `album_id`) VALUES (12, 8);
INSERT INTO `album_favorit` (`usuari_id`, `album_id`) VALUES (12, 20);
INSERT INTO `album_favorit` (`usuari_id`, `album_id`) VALUES (16, 12);
INSERT INTO `album_favorit` (`usuari_id`, `album_id`) VALUES (17, 17);
INSERT INTO `album_favorit` (`usuari_id`, `album_id`) VALUES (21, 2);
INSERT INTO `album_favorit` (`usuari_id`, `album_id`) VALUES (21, 6);
INSERT INTO `album_favorit` (`usuari_id`, `album_id`) VALUES (24, 14);
INSERT INTO `album_favorit` (`usuari_id`, `album_id`) VALUES (26, 12);
INSERT INTO `album_favorit` (`usuari_id`, `album_id`) VALUES (29, 2);
INSERT INTO `album_favorit` (`usuari_id`, `album_id`) VALUES (34, 5);
INSERT INTO `album_favorit` (`usuari_id`, `album_id`) VALUES (35, 15);
INSERT INTO `album_favorit` (`usuari_id`, `album_id`) VALUES (38, 9);
INSERT INTO `album_favorit` (`usuari_id`, `album_id`) VALUES (43, 9);
INSERT INTO `album_favorit` (`usuari_id`, `album_id`) VALUES (43, 14);
INSERT INTO `album_favorit` (`usuari_id`, `album_id`) VALUES (44, 6);
INSERT INTO `album_favorit` (`usuari_id`, `album_id`) VALUES (44, 18);
INSERT INTO `album_favorit` (`usuari_id`, `album_id`) VALUES (45, 13);
INSERT INTO `album_favorit` (`usuari_id`, `album_id`) VALUES (45, 14);
INSERT INTO `album_favorit` (`usuari_id`, `album_id`) VALUES (46, 7);
INSERT INTO `album_favorit` (`usuari_id`, `album_id`) VALUES (46, 18);
INSERT INTO `album_favorit` (`usuari_id`, `album_id`) VALUES (48, 9);
INSERT INTO `album_favorit` (`usuari_id`, `album_id`) VALUES (48, 12);
INSERT INTO `album_favorit` (`usuari_id`, `album_id`) VALUES (55, 4);
INSERT INTO `album_favorit` (`usuari_id`, `album_id`) VALUES (55, 12);
INSERT INTO `album_favorit` (`usuari_id`, `album_id`) VALUES (60, 10);
INSERT INTO `album_favorit` (`usuari_id`, `album_id`) VALUES (61, 17);
INSERT INTO `album_favorit` (`usuari_id`, `album_id`) VALUES (62, 9);
INSERT INTO `album_favorit` (`usuari_id`, `album_id`) VALUES (63, 11);
INSERT INTO `album_favorit` (`usuari_id`, `album_id`) VALUES (64, 10);
INSERT INTO `album_favorit` (`usuari_id`, `album_id`) VALUES (65, 2);
INSERT INTO `album_favorit` (`usuari_id`, `album_id`) VALUES (65, 19);
INSERT INTO `album_favorit` (`usuari_id`, `album_id`) VALUES (66, 2);
INSERT INTO `album_favorit` (`usuari_id`, `album_id`) VALUES (72, 16);
INSERT INTO `album_favorit` (`usuari_id`, `album_id`) VALUES (76, 2);
INSERT INTO `album_favorit` (`usuari_id`, `album_id`) VALUES (76, 17);
INSERT INTO `album_favorit` (`usuari_id`, `album_id`) VALUES (85, 19);
INSERT INTO `album_favorit` (`usuari_id`, `album_id`) VALUES (86, 6);
INSERT INTO `album_favorit` (`usuari_id`, `album_id`) VALUES (87, 2);
INSERT INTO `album_favorit` (`usuari_id`, `album_id`) VALUES (88, 6);
INSERT INTO `album_favorit` (`usuari_id`, `album_id`) VALUES (90, 17);
INSERT INTO `album_favorit` (`usuari_id`, `album_id`) VALUES (91, 18);
INSERT INTO `album_favorit` (`usuari_id`, `album_id`) VALUES (95, 19);
INSERT INTO `album_favorit` (`usuari_id`, `album_id`) VALUES (96, 20);
INSERT INTO `album_favorit` (`usuari_id`, `album_id`) VALUES (99, 19);
INSERT INTO `album_favorit` (`usuari_id`, `album_id`) VALUES (100, 6);

INSERT INTO `artista_relacionats` (`artista_id1`, `artista_id2`) VALUES (1, 14);
INSERT INTO `artista_relacionats` (`artista_id1`, `artista_id2`) VALUES (1, 64);
INSERT INTO `artista_relacionats` (`artista_id1`, `artista_id2`) VALUES (5, 21);
INSERT INTO `artista_relacionats` (`artista_id1`, `artista_id2`) VALUES (5, 29);
INSERT INTO `artista_relacionats` (`artista_id1`, `artista_id2`) VALUES (7, 54);
INSERT INTO `artista_relacionats` (`artista_id1`, `artista_id2`) VALUES (7, 57);
INSERT INTO `artista_relacionats` (`artista_id1`, `artista_id2`) VALUES (9, 50);
INSERT INTO `artista_relacionats` (`artista_id1`, `artista_id2`) VALUES (10, 49);
INSERT INTO `artista_relacionats` (`artista_id1`, `artista_id2`) VALUES (11, 9);
INSERT INTO `artista_relacionats` (`artista_id1`, `artista_id2`) VALUES (11, 18);
INSERT INTO `artista_relacionats` (`artista_id1`, `artista_id2`) VALUES (12, 23);
INSERT INTO `artista_relacionats` (`artista_id1`, `artista_id2`) VALUES (13, 16);
INSERT INTO `artista_relacionats` (`artista_id1`, `artista_id2`) VALUES (13, 32);
INSERT INTO `artista_relacionats` (`artista_id1`, `artista_id2`) VALUES (13, 53);
INSERT INTO `artista_relacionats` (`artista_id1`, `artista_id2`) VALUES (15, 16);
INSERT INTO `artista_relacionats` (`artista_id1`, `artista_id2`) VALUES (15, 57);
INSERT INTO `artista_relacionats` (`artista_id1`, `artista_id2`) VALUES (15, 94);
INSERT INTO `artista_relacionats` (`artista_id1`, `artista_id2`) VALUES (20, 36);
INSERT INTO `artista_relacionats` (`artista_id1`, `artista_id2`) VALUES (20, 40);
INSERT INTO `artista_relacionats` (`artista_id1`, `artista_id2`) VALUES (22, 64);
INSERT INTO `artista_relacionats` (`artista_id1`, `artista_id2`) VALUES (22, 90);
INSERT INTO `artista_relacionats` (`artista_id1`, `artista_id2`) VALUES (22, 98);
INSERT INTO `artista_relacionats` (`artista_id1`, `artista_id2`) VALUES (24, 89);
INSERT INTO `artista_relacionats` (`artista_id1`, `artista_id2`) VALUES (25, 7);
INSERT INTO `artista_relacionats` (`artista_id1`, `artista_id2`) VALUES (25, 97);
INSERT INTO `artista_relacionats` (`artista_id1`, `artista_id2`) VALUES (27, 16);
INSERT INTO `artista_relacionats` (`artista_id1`, `artista_id2`) VALUES (28, 48);
INSERT INTO `artista_relacionats` (`artista_id1`, `artista_id2`) VALUES (28, 59);
INSERT INTO `artista_relacionats` (`artista_id1`, `artista_id2`) VALUES (29, 7);
INSERT INTO `artista_relacionats` (`artista_id1`, `artista_id2`) VALUES (31, 22);
INSERT INTO `artista_relacionats` (`artista_id1`, `artista_id2`) VALUES (31, 56);
INSERT INTO `artista_relacionats` (`artista_id1`, `artista_id2`) VALUES (31, 69);
INSERT INTO `artista_relacionats` (`artista_id1`, `artista_id2`) VALUES (32, 47);
INSERT INTO `artista_relacionats` (`artista_id1`, `artista_id2`) VALUES (32, 65);
INSERT INTO `artista_relacionats` (`artista_id1`, `artista_id2`) VALUES (32, 73);
INSERT INTO `artista_relacionats` (`artista_id1`, `artista_id2`) VALUES (33, 92);
INSERT INTO `artista_relacionats` (`artista_id1`, `artista_id2`) VALUES (34, 7);
INSERT INTO `artista_relacionats` (`artista_id1`, `artista_id2`) VALUES (35, 63);
INSERT INTO `artista_relacionats` (`artista_id1`, `artista_id2`) VALUES (35, 64);
INSERT INTO `artista_relacionats` (`artista_id1`, `artista_id2`) VALUES (36, 2);
INSERT INTO `artista_relacionats` (`artista_id1`, `artista_id2`) VALUES (36, 24);
INSERT INTO `artista_relacionats` (`artista_id1`, `artista_id2`) VALUES (36, 97);
INSERT INTO `artista_relacionats` (`artista_id1`, `artista_id2`) VALUES (37, 72);
INSERT INTO `artista_relacionats` (`artista_id1`, `artista_id2`) VALUES (38, 98);
INSERT INTO `artista_relacionats` (`artista_id1`, `artista_id2`) VALUES (41, 64);
INSERT INTO `artista_relacionats` (`artista_id1`, `artista_id2`) VALUES (41, 95);
INSERT INTO `artista_relacionats` (`artista_id1`, `artista_id2`) VALUES (42, 99);
INSERT INTO `artista_relacionats` (`artista_id1`, `artista_id2`) VALUES (44, 67);
INSERT INTO `artista_relacionats` (`artista_id1`, `artista_id2`) VALUES (45, 18);
INSERT INTO `artista_relacionats` (`artista_id1`, `artista_id2`) VALUES (45, 77);
INSERT INTO `artista_relacionats` (`artista_id1`, `artista_id2`) VALUES (47, 4);
INSERT INTO `artista_relacionats` (`artista_id1`, `artista_id2`) VALUES (48, 4);
INSERT INTO `artista_relacionats` (`artista_id1`, `artista_id2`) VALUES (48, 75);
INSERT INTO `artista_relacionats` (`artista_id1`, `artista_id2`) VALUES (49, 56);
INSERT INTO `artista_relacionats` (`artista_id1`, `artista_id2`) VALUES (50, 39);
INSERT INTO `artista_relacionats` (`artista_id1`, `artista_id2`) VALUES (50, 72);
INSERT INTO `artista_relacionats` (`artista_id1`, `artista_id2`) VALUES (50, 92);
INSERT INTO `artista_relacionats` (`artista_id1`, `artista_id2`) VALUES (52, 33);
INSERT INTO `artista_relacionats` (`artista_id1`, `artista_id2`) VALUES (53, 12);
INSERT INTO `artista_relacionats` (`artista_id1`, `artista_id2`) VALUES (53, 13);
INSERT INTO `artista_relacionats` (`artista_id1`, `artista_id2`) VALUES (53, 93);
INSERT INTO `artista_relacionats` (`artista_id1`, `artista_id2`) VALUES (54, 1);
INSERT INTO `artista_relacionats` (`artista_id1`, `artista_id2`) VALUES (54, 44);
INSERT INTO `artista_relacionats` (`artista_id1`, `artista_id2`) VALUES (55, 2);
INSERT INTO `artista_relacionats` (`artista_id1`, `artista_id2`) VALUES (55, 21);
INSERT INTO `artista_relacionats` (`artista_id1`, `artista_id2`) VALUES (57, 75);
INSERT INTO `artista_relacionats` (`artista_id1`, `artista_id2`) VALUES (58, 14);
INSERT INTO `artista_relacionats` (`artista_id1`, `artista_id2`) VALUES (60, 34);
INSERT INTO `artista_relacionats` (`artista_id1`, `artista_id2`) VALUES (61, 25);
INSERT INTO `artista_relacionats` (`artista_id1`, `artista_id2`) VALUES (61, 62);
INSERT INTO `artista_relacionats` (`artista_id1`, `artista_id2`) VALUES (62, 6);
INSERT INTO `artista_relacionats` (`artista_id1`, `artista_id2`) VALUES (62, 27);
INSERT INTO `artista_relacionats` (`artista_id1`, `artista_id2`) VALUES (62, 74);
INSERT INTO `artista_relacionats` (`artista_id1`, `artista_id2`) VALUES (63, 14);
INSERT INTO `artista_relacionats` (`artista_id1`, `artista_id2`) VALUES (66, 49);
INSERT INTO `artista_relacionats` (`artista_id1`, `artista_id2`) VALUES (66, 52);
INSERT INTO `artista_relacionats` (`artista_id1`, `artista_id2`) VALUES (66, 88);
INSERT INTO `artista_relacionats` (`artista_id1`, `artista_id2`) VALUES (67, 6);
INSERT INTO `artista_relacionats` (`artista_id1`, `artista_id2`) VALUES (70, 57);
INSERT INTO `artista_relacionats` (`artista_id1`, `artista_id2`) VALUES (70, 73);
INSERT INTO `artista_relacionats` (`artista_id1`, `artista_id2`) VALUES (71, 62);
INSERT INTO `artista_relacionats` (`artista_id1`, `artista_id2`) VALUES (71, 98);
INSERT INTO `artista_relacionats` (`artista_id1`, `artista_id2`) VALUES (72, 26);
INSERT INTO `artista_relacionats` (`artista_id1`, `artista_id2`) VALUES (72, 43);
INSERT INTO `artista_relacionats` (`artista_id1`, `artista_id2`) VALUES (73, 79);
INSERT INTO `artista_relacionats` (`artista_id1`, `artista_id2`) VALUES (74, 35);
INSERT INTO `artista_relacionats` (`artista_id1`, `artista_id2`) VALUES (75, 42);
INSERT INTO `artista_relacionats` (`artista_id1`, `artista_id2`) VALUES (75, 45);
INSERT INTO `artista_relacionats` (`artista_id1`, `artista_id2`) VALUES (79, 82);
INSERT INTO `artista_relacionats` (`artista_id1`, `artista_id2`) VALUES (80, 22);
INSERT INTO `artista_relacionats` (`artista_id1`, `artista_id2`) VALUES (81, 72);
INSERT INTO `artista_relacionats` (`artista_id1`, `artista_id2`) VALUES (84, 63);
INSERT INTO `artista_relacionats` (`artista_id1`, `artista_id2`) VALUES (86, 24);
INSERT INTO `artista_relacionats` (`artista_id1`, `artista_id2`) VALUES (86, 94);
INSERT INTO `artista_relacionats` (`artista_id1`, `artista_id2`) VALUES (87, 57);
INSERT INTO `artista_relacionats` (`artista_id1`, `artista_id2`) VALUES (89, 93);
INSERT INTO `artista_relacionats` (`artista_id1`, `artista_id2`) VALUES (90, 11);
INSERT INTO `artista_relacionats` (`artista_id1`, `artista_id2`) VALUES (93, 45);
INSERT INTO `artista_relacionats` (`artista_id1`, `artista_id2`) VALUES (94, 73);
INSERT INTO `artista_relacionats` (`artista_id1`, `artista_id2`) VALUES (100, 19);

INSERT INTO `canco` (`canco_id`, `titulo`, `durada`, `numero_reproducio`, `album_id`) VALUES (1, 'quas', 236, 6239, 16);
INSERT INTO `canco` (`canco_id`, `titulo`, `durada`, `numero_reproducio`, `album_id`) VALUES (2, 'omnis', 99, 3072, 16);
INSERT INTO `canco` (`canco_id`, `titulo`, `durada`, `numero_reproducio`, `album_id`) VALUES (3, 'iusto', 132, 3027, 12);
INSERT INTO `canco` (`canco_id`, `titulo`, `durada`, `numero_reproducio`, `album_id`) VALUES (4, 'recusandae', 189, 8503, 11);
INSERT INTO `canco` (`canco_id`, `titulo`, `durada`, `numero_reproducio`, `album_id`) VALUES (5, 'porro', 195, 4768, 20);
INSERT INTO `canco` (`canco_id`, `titulo`, `durada`, `numero_reproducio`, `album_id`) VALUES (6, 'quia', 212, 5089, 16);
INSERT INTO `canco` (`canco_id`, `titulo`, `durada`, `numero_reproducio`, `album_id`) VALUES (7, 'odit', 124, 9165, 8);
INSERT INTO `canco` (`canco_id`, `titulo`, `durada`, `numero_reproducio`, `album_id`) VALUES (8, 'quos', 109, 2693, 4);
INSERT INTO `canco` (`canco_id`, `titulo`, `durada`, `numero_reproducio`, `album_id`) VALUES (9, 'molestiae', 47, 2713, 8);
INSERT INTO `canco` (`canco_id`, `titulo`, `durada`, `numero_reproducio`, `album_id`) VALUES (10, 'quo', 134, 7170, 12);
INSERT INTO `canco` (`canco_id`, `titulo`, `durada`, `numero_reproducio`, `album_id`) VALUES (11, 'qui', 275, 2034, 16);
INSERT INTO `canco` (`canco_id`, `titulo`, `durada`, `numero_reproducio`, `album_id`) VALUES (12, 'cupiditate', 153, 391, 18);
INSERT INTO `canco` (`canco_id`, `titulo`, `durada`, `numero_reproducio`, `album_id`) VALUES (13, 'quam', 223, 8004, 7);
INSERT INTO `canco` (`canco_id`, `titulo`, `durada`, `numero_reproducio`, `album_id`) VALUES (14, 'dolore', 165, 4872, 5);
INSERT INTO `canco` (`canco_id`, `titulo`, `durada`, `numero_reproducio`, `album_id`) VALUES (15, 'laudantium', 108, 1630, 14);
INSERT INTO `canco` (`canco_id`, `titulo`, `durada`, `numero_reproducio`, `album_id`) VALUES (16, 'eos', 105, 8363, 8);
INSERT INTO `canco` (`canco_id`, `titulo`, `durada`, `numero_reproducio`, `album_id`) VALUES (17, 'quod', 143, 2577, 3);
INSERT INTO `canco` (`canco_id`, `titulo`, `durada`, `numero_reproducio`, `album_id`) VALUES (18, 'non', 188, 5685, 10);
INSERT INTO `canco` (`canco_id`, `titulo`, `durada`, `numero_reproducio`, `album_id`) VALUES (19, 'aut', 59, 821, 20);
INSERT INTO `canco` (`canco_id`, `titulo`, `durada`, `numero_reproducio`, `album_id`) VALUES (20, 'voluptas', 125, 7808, 15);
INSERT INTO `canco` (`canco_id`, `titulo`, `durada`, `numero_reproducio`, `album_id`) VALUES (21, 'a', 258, 6226, 19);
INSERT INTO `canco` (`canco_id`, `titulo`, `durada`, `numero_reproducio`, `album_id`) VALUES (22, 'vitae', 238, 8266, 10);
INSERT INTO `canco` (`canco_id`, `titulo`, `durada`, `numero_reproducio`, `album_id`) VALUES (23, 'corrupti', 168, 8178, 15);
INSERT INTO `canco` (`canco_id`, `titulo`, `durada`, `numero_reproducio`, `album_id`) VALUES (24, 'tempora', 295, 308, 2);
INSERT INTO `canco` (`canco_id`, `titulo`, `durada`, `numero_reproducio`, `album_id`) VALUES (25, 'omnis', 86, 6747, 1);
INSERT INTO `canco` (`canco_id`, `titulo`, `durada`, `numero_reproducio`, `album_id`) VALUES (26, 'quam', 84, 7863, 10);
INSERT INTO `canco` (`canco_id`, `titulo`, `durada`, `numero_reproducio`, `album_id`) VALUES (27, 'est', 269, 6015, 19);
INSERT INTO `canco` (`canco_id`, `titulo`, `durada`, `numero_reproducio`, `album_id`) VALUES (28, 'ut', 110, 9438, 11);
INSERT INTO `canco` (`canco_id`, `titulo`, `durada`, `numero_reproducio`, `album_id`) VALUES (29, 'natus', 113, 7197, 15);
INSERT INTO `canco` (`canco_id`, `titulo`, `durada`, `numero_reproducio`, `album_id`) VALUES (30, 'et', 135, 4655, 18);
INSERT INTO `canco` (`canco_id`, `titulo`, `durada`, `numero_reproducio`, `album_id`) VALUES (31, 'asperiores', 181, 8486, 7);
INSERT INTO `canco` (`canco_id`, `titulo`, `durada`, `numero_reproducio`, `album_id`) VALUES (32, 'sit', 217, 4384, 10);
INSERT INTO `canco` (`canco_id`, `titulo`, `durada`, `numero_reproducio`, `album_id`) VALUES (33, 'voluptas', 157, 4020, 14);
INSERT INTO `canco` (`canco_id`, `titulo`, `durada`, `numero_reproducio`, `album_id`) VALUES (34, 'esse', 123, 3275, 19);
INSERT INTO `canco` (`canco_id`, `titulo`, `durada`, `numero_reproducio`, `album_id`) VALUES (35, 'et', 299, 9784, 1);
INSERT INTO `canco` (`canco_id`, `titulo`, `durada`, `numero_reproducio`, `album_id`) VALUES (36, 'similique', 227, 5052, 13);
INSERT INTO `canco` (`canco_id`, `titulo`, `durada`, `numero_reproducio`, `album_id`) VALUES (37, 'blanditiis', 184, 399, 15);
INSERT INTO `canco` (`canco_id`, `titulo`, `durada`, `numero_reproducio`, `album_id`) VALUES (38, 'sit', 253, 4449, 8);
INSERT INTO `canco` (`canco_id`, `titulo`, `durada`, `numero_reproducio`, `album_id`) VALUES (39, 'soluta', 71, 2023, 17);
INSERT INTO `canco` (`canco_id`, `titulo`, `durada`, `numero_reproducio`, `album_id`) VALUES (40, 'repellat', 255, 9420, 2);
INSERT INTO `canco` (`canco_id`, `titulo`, `durada`, `numero_reproducio`, `album_id`) VALUES (41, 'soluta', 204, 5720, 19);
INSERT INTO `canco` (`canco_id`, `titulo`, `durada`, `numero_reproducio`, `album_id`) VALUES (42, 'ut', 205, 5471, 12);
INSERT INTO `canco` (`canco_id`, `titulo`, `durada`, `numero_reproducio`, `album_id`) VALUES (43, 'est', 100, 3541, 19);
INSERT INTO `canco` (`canco_id`, `titulo`, `durada`, `numero_reproducio`, `album_id`) VALUES (44, 'vel', 153, 5820, 6);
INSERT INTO `canco` (`canco_id`, `titulo`, `durada`, `numero_reproducio`, `album_id`) VALUES (45, 'hic', 255, 1775, 17);
INSERT INTO `canco` (`canco_id`, `titulo`, `durada`, `numero_reproducio`, `album_id`) VALUES (46, 'vitae', 203, 4213, 12);
INSERT INTO `canco` (`canco_id`, `titulo`, `durada`, `numero_reproducio`, `album_id`) VALUES (47, 'voluptate', 176, 1823, 14);
INSERT INTO `canco` (`canco_id`, `titulo`, `durada`, `numero_reproducio`, `album_id`) VALUES (48, 'minima', 111, 7054, 19);
INSERT INTO `canco` (`canco_id`, `titulo`, `durada`, `numero_reproducio`, `album_id`) VALUES (49, 'nostrum', 256, 371, 2);
INSERT INTO `canco` (`canco_id`, `titulo`, `durada`, `numero_reproducio`, `album_id`) VALUES (50, 'ad', 171, 7814, 13);
INSERT INTO `canco` (`canco_id`, `titulo`, `durada`, `numero_reproducio`, `album_id`) VALUES (51, 'laudantium', 295, 7262, 13);
INSERT INTO `canco` (`canco_id`, `titulo`, `durada`, `numero_reproducio`, `album_id`) VALUES (52, 'velit', 48, 9076, 20);
INSERT INTO `canco` (`canco_id`, `titulo`, `durada`, `numero_reproducio`, `album_id`) VALUES (53, 'voluptatem', 123, 1207, 2);
INSERT INTO `canco` (`canco_id`, `titulo`, `durada`, `numero_reproducio`, `album_id`) VALUES (54, 'nam', 164, 5528, 7);
INSERT INTO `canco` (`canco_id`, `titulo`, `durada`, `numero_reproducio`, `album_id`) VALUES (55, 'voluptates', 197, 2326, 2);
INSERT INTO `canco` (`canco_id`, `titulo`, `durada`, `numero_reproducio`, `album_id`) VALUES (56, 'dolorem', 239, 6930, 3);
INSERT INTO `canco` (`canco_id`, `titulo`, `durada`, `numero_reproducio`, `album_id`) VALUES (57, 'aut', 96, 5042, 17);
INSERT INTO `canco` (`canco_id`, `titulo`, `durada`, `numero_reproducio`, `album_id`) VALUES (58, 'veritatis', 130, 3261, 20);
INSERT INTO `canco` (`canco_id`, `titulo`, `durada`, `numero_reproducio`, `album_id`) VALUES (59, 'voluptas', 112, 1326, 13);
INSERT INTO `canco` (`canco_id`, `titulo`, `durada`, `numero_reproducio`, `album_id`) VALUES (60, 'corporis', 224, 4852, 11);
INSERT INTO `canco` (`canco_id`, `titulo`, `durada`, `numero_reproducio`, `album_id`) VALUES (61, 'dolores', 170, 8273, 18);
INSERT INTO `canco` (`canco_id`, `titulo`, `durada`, `numero_reproducio`, `album_id`) VALUES (62, 'doloribus', 226, 2293, 20);
INSERT INTO `canco` (`canco_id`, `titulo`, `durada`, `numero_reproducio`, `album_id`) VALUES (63, 'harum', 188, 3072, 1);
INSERT INTO `canco` (`canco_id`, `titulo`, `durada`, `numero_reproducio`, `album_id`) VALUES (64, 'et', 268, 2490, 11);
INSERT INTO `canco` (`canco_id`, `titulo`, `durada`, `numero_reproducio`, `album_id`) VALUES (65, 'quidem', 57, 1780, 19);
INSERT INTO `canco` (`canco_id`, `titulo`, `durada`, `numero_reproducio`, `album_id`) VALUES (66, 'eius', 52, 9269, 1);
INSERT INTO `canco` (`canco_id`, `titulo`, `durada`, `numero_reproducio`, `album_id`) VALUES (67, 'amet', 288, 7192, 4);
INSERT INTO `canco` (`canco_id`, `titulo`, `durada`, `numero_reproducio`, `album_id`) VALUES (68, 'nihil', 274, 9716, 13);
INSERT INTO `canco` (`canco_id`, `titulo`, `durada`, `numero_reproducio`, `album_id`) VALUES (69, 'unde', 199, 30, 8);
INSERT INTO `canco` (`canco_id`, `titulo`, `durada`, `numero_reproducio`, `album_id`) VALUES (70, 'perspiciatis', 278, 1376, 20);
INSERT INTO `canco` (`canco_id`, `titulo`, `durada`, `numero_reproducio`, `album_id`) VALUES (71, 'tenetur', 174, 7715, 15);
INSERT INTO `canco` (`canco_id`, `titulo`, `durada`, `numero_reproducio`, `album_id`) VALUES (72, 'quae', 80, 8869, 6);
INSERT INTO `canco` (`canco_id`, `titulo`, `durada`, `numero_reproducio`, `album_id`) VALUES (73, 'est', 168, 5830, 11);
INSERT INTO `canco` (`canco_id`, `titulo`, `durada`, `numero_reproducio`, `album_id`) VALUES (74, 'sed', 210, 7832, 14);
INSERT INTO `canco` (`canco_id`, `titulo`, `durada`, `numero_reproducio`, `album_id`) VALUES (75, 'ducimus', 59, 5628, 12);
INSERT INTO `canco` (`canco_id`, `titulo`, `durada`, `numero_reproducio`, `album_id`) VALUES (76, 'dolor', 51, 9541, 7);
INSERT INTO `canco` (`canco_id`, `titulo`, `durada`, `numero_reproducio`, `album_id`) VALUES (77, 'incidunt', 109, 2490, 6);
INSERT INTO `canco` (`canco_id`, `titulo`, `durada`, `numero_reproducio`, `album_id`) VALUES (78, 'sunt', 171, 8827, 5);
INSERT INTO `canco` (`canco_id`, `titulo`, `durada`, `numero_reproducio`, `album_id`) VALUES (79, 'blanditiis', 143, 7643, 6);
INSERT INTO `canco` (`canco_id`, `titulo`, `durada`, `numero_reproducio`, `album_id`) VALUES (80, 'fuga', 217, 3732, 7);
INSERT INTO `canco` (`canco_id`, `titulo`, `durada`, `numero_reproducio`, `album_id`) VALUES (81, 'rerum', 147, 7321, 17);
INSERT INTO `canco` (`canco_id`, `titulo`, `durada`, `numero_reproducio`, `album_id`) VALUES (82, 'rerum', 272, 7146, 18);
INSERT INTO `canco` (`canco_id`, `titulo`, `durada`, `numero_reproducio`, `album_id`) VALUES (83, 'ad', 207, 920, 7);
INSERT INTO `canco` (`canco_id`, `titulo`, `durada`, `numero_reproducio`, `album_id`) VALUES (84, 'voluptate', 283, 2596, 19);
INSERT INTO `canco` (`canco_id`, `titulo`, `durada`, `numero_reproducio`, `album_id`) VALUES (85, 'sint', 209, 3266, 5);
INSERT INTO `canco` (`canco_id`, `titulo`, `durada`, `numero_reproducio`, `album_id`) VALUES (86, 'veniam', 214, 1893, 8);
INSERT INTO `canco` (`canco_id`, `titulo`, `durada`, `numero_reproducio`, `album_id`) VALUES (87, 'rerum', 273, 7675, 2);
INSERT INTO `canco` (`canco_id`, `titulo`, `durada`, `numero_reproducio`, `album_id`) VALUES (88, 'aliquam', 61, 8282, 1);
INSERT INTO `canco` (`canco_id`, `titulo`, `durada`, `numero_reproducio`, `album_id`) VALUES (89, 'nihil', 234, 4376, 8);
INSERT INTO `canco` (`canco_id`, `titulo`, `durada`, `numero_reproducio`, `album_id`) VALUES (90, 'possimus', 252, 1495, 14);
INSERT INTO `canco` (`canco_id`, `titulo`, `durada`, `numero_reproducio`, `album_id`) VALUES (91, 'est', 91, 5613, 12);
INSERT INTO `canco` (`canco_id`, `titulo`, `durada`, `numero_reproducio`, `album_id`) VALUES (92, 'et', 266, 5882, 5);
INSERT INTO `canco` (`canco_id`, `titulo`, `durada`, `numero_reproducio`, `album_id`) VALUES (93, 'ea', 279, 6375, 14);
INSERT INTO `canco` (`canco_id`, `titulo`, `durada`, `numero_reproducio`, `album_id`) VALUES (94, 'qui', 194, 9493, 12);
INSERT INTO `canco` (`canco_id`, `titulo`, `durada`, `numero_reproducio`, `album_id`) VALUES (95, 'voluptas', 278, 3056, 15);
INSERT INTO `canco` (`canco_id`, `titulo`, `durada`, `numero_reproducio`, `album_id`) VALUES (96, 'sed', 84, 9653, 12);
INSERT INTO `canco` (`canco_id`, `titulo`, `durada`, `numero_reproducio`, `album_id`) VALUES (97, 'eligendi', 188, 1053, 12);
INSERT INTO `canco` (`canco_id`, `titulo`, `durada`, `numero_reproducio`, `album_id`) VALUES (98, 'rerum', 61, 6698, 18);
INSERT INTO `canco` (`canco_id`, `titulo`, `durada`, `numero_reproducio`, `album_id`) VALUES (99, 'porro', 233, 699, 5);
INSERT INTO `canco` (`canco_id`, `titulo`, `durada`, `numero_reproducio`, `album_id`) VALUES (100, 'aut', 267, 8577, 20);
INSERT INTO `canco` (`canco_id`, `titulo`, `durada`, `numero_reproducio`, `album_id`) VALUES (101, 'nam', 261, 9745, 18);
INSERT INTO `canco` (`canco_id`, `titulo`, `durada`, `numero_reproducio`, `album_id`) VALUES (102, 'corrupti', 262, 8761, 20);
INSERT INTO `canco` (`canco_id`, `titulo`, `durada`, `numero_reproducio`, `album_id`) VALUES (103, 'harum', 300, 3027, 6);
INSERT INTO `canco` (`canco_id`, `titulo`, `durada`, `numero_reproducio`, `album_id`) VALUES (104, 'commodi', 127, 1990, 8);
INSERT INTO `canco` (`canco_id`, `titulo`, `durada`, `numero_reproducio`, `album_id`) VALUES (105, 'deserunt', 64, 1453, 13);
INSERT INTO `canco` (`canco_id`, `titulo`, `durada`, `numero_reproducio`, `album_id`) VALUES (106, 'quo', 204, 5011, 17);
INSERT INTO `canco` (`canco_id`, `titulo`, `durada`, `numero_reproducio`, `album_id`) VALUES (107, 'nisi', 133, 4512, 15);
INSERT INTO `canco` (`canco_id`, `titulo`, `durada`, `numero_reproducio`, `album_id`) VALUES (108, 'incidunt', 279, 181, 18);
INSERT INTO `canco` (`canco_id`, `titulo`, `durada`, `numero_reproducio`, `album_id`) VALUES (109, 'vero', 115, 566, 2);
INSERT INTO `canco` (`canco_id`, `titulo`, `durada`, `numero_reproducio`, `album_id`) VALUES (110, 'esse', 277, 3317, 20);
INSERT INTO `canco` (`canco_id`, `titulo`, `durada`, `numero_reproducio`, `album_id`) VALUES (111, 'aliquid', 253, 5731, 4);
INSERT INTO `canco` (`canco_id`, `titulo`, `durada`, `numero_reproducio`, `album_id`) VALUES (112, 'iste', 170, 5588, 18);
INSERT INTO `canco` (`canco_id`, `titulo`, `durada`, `numero_reproducio`, `album_id`) VALUES (113, 'inventore', 153, 8333, 18);
INSERT INTO `canco` (`canco_id`, `titulo`, `durada`, `numero_reproducio`, `album_id`) VALUES (114, 'saepe', 248, 9359, 11);
INSERT INTO `canco` (`canco_id`, `titulo`, `durada`, `numero_reproducio`, `album_id`) VALUES (115, 'voluptatibus', 287, 8808, 17);
INSERT INTO `canco` (`canco_id`, `titulo`, `durada`, `numero_reproducio`, `album_id`) VALUES (116, 'distinctio', 201, 2094, 2);
INSERT INTO `canco` (`canco_id`, `titulo`, `durada`, `numero_reproducio`, `album_id`) VALUES (117, 'et', 79, 5081, 18);
INSERT INTO `canco` (`canco_id`, `titulo`, `durada`, `numero_reproducio`, `album_id`) VALUES (118, 'sit', 99, 9862, 18);
INSERT INTO `canco` (`canco_id`, `titulo`, `durada`, `numero_reproducio`, `album_id`) VALUES (119, 'qui', 157, 2618, 3);
INSERT INTO `canco` (`canco_id`, `titulo`, `durada`, `numero_reproducio`, `album_id`) VALUES (120, 'sunt', 144, 9995, 6);
INSERT INTO `canco` (`canco_id`, `titulo`, `durada`, `numero_reproducio`, `album_id`) VALUES (121, 'impedit', 264, 8504, 12);
INSERT INTO `canco` (`canco_id`, `titulo`, `durada`, `numero_reproducio`, `album_id`) VALUES (122, 'nulla', 268, 2522, 14);
INSERT INTO `canco` (`canco_id`, `titulo`, `durada`, `numero_reproducio`, `album_id`) VALUES (123, 'non', 293, 7907, 11);
INSERT INTO `canco` (`canco_id`, `titulo`, `durada`, `numero_reproducio`, `album_id`) VALUES (124, 'ea', 61, 9746, 6);
INSERT INTO `canco` (`canco_id`, `titulo`, `durada`, `numero_reproducio`, `album_id`) VALUES (125, 'repellat', 87, 7771, 6);
INSERT INTO `canco` (`canco_id`, `titulo`, `durada`, `numero_reproducio`, `album_id`) VALUES (126, 'id', 120, 9034, 5);
INSERT INTO `canco` (`canco_id`, `titulo`, `durada`, `numero_reproducio`, `album_id`) VALUES (127, 'est', 56, 9771, 18);
INSERT INTO `canco` (`canco_id`, `titulo`, `durada`, `numero_reproducio`, `album_id`) VALUES (128, 'quia', 266, 5017, 18);
INSERT INTO `canco` (`canco_id`, `titulo`, `durada`, `numero_reproducio`, `album_id`) VALUES (129, 'et', 155, 475, 3);
INSERT INTO `canco` (`canco_id`, `titulo`, `durada`, `numero_reproducio`, `album_id`) VALUES (130, 'totam', 196, 1934, 2);
INSERT INTO `canco` (`canco_id`, `titulo`, `durada`, `numero_reproducio`, `album_id`) VALUES (131, 'est', 269, 6880, 17);
INSERT INTO `canco` (`canco_id`, `titulo`, `durada`, `numero_reproducio`, `album_id`) VALUES (132, 'et', 291, 7301, 20);
INSERT INTO `canco` (`canco_id`, `titulo`, `durada`, `numero_reproducio`, `album_id`) VALUES (133, 'ratione', 128, 1333, 1);
INSERT INTO `canco` (`canco_id`, `titulo`, `durada`, `numero_reproducio`, `album_id`) VALUES (134, 'quis', 84, 3231, 2);
INSERT INTO `canco` (`canco_id`, `titulo`, `durada`, `numero_reproducio`, `album_id`) VALUES (135, 'sunt', 59, 7099, 8);
INSERT INTO `canco` (`canco_id`, `titulo`, `durada`, `numero_reproducio`, `album_id`) VALUES (136, 'et', 264, 3563, 13);
INSERT INTO `canco` (`canco_id`, `titulo`, `durada`, `numero_reproducio`, `album_id`) VALUES (137, 'debitis', 293, 7904, 19);
INSERT INTO `canco` (`canco_id`, `titulo`, `durada`, `numero_reproducio`, `album_id`) VALUES (138, 'earum', 204, 1792, 3);
INSERT INTO `canco` (`canco_id`, `titulo`, `durada`, `numero_reproducio`, `album_id`) VALUES (139, 'sed', 263, 8844, 11);
INSERT INTO `canco` (`canco_id`, `titulo`, `durada`, `numero_reproducio`, `album_id`) VALUES (140, 'quae', 123, 9785, 20);
INSERT INTO `canco` (`canco_id`, `titulo`, `durada`, `numero_reproducio`, `album_id`) VALUES (141, 'nihil', 244, 8576, 3);
INSERT INTO `canco` (`canco_id`, `titulo`, `durada`, `numero_reproducio`, `album_id`) VALUES (142, 'aut', 72, 8200, 15);
INSERT INTO `canco` (`canco_id`, `titulo`, `durada`, `numero_reproducio`, `album_id`) VALUES (143, 'ullam', 235, 9510, 18);
INSERT INTO `canco` (`canco_id`, `titulo`, `durada`, `numero_reproducio`, `album_id`) VALUES (144, 'voluptate', 113, 8000, 20);
INSERT INTO `canco` (`canco_id`, `titulo`, `durada`, `numero_reproducio`, `album_id`) VALUES (145, 'maxime', 187, 9476, 5);
INSERT INTO `canco` (`canco_id`, `titulo`, `durada`, `numero_reproducio`, `album_id`) VALUES (146, 'fuga', 54, 5427, 15);
INSERT INTO `canco` (`canco_id`, `titulo`, `durada`, `numero_reproducio`, `album_id`) VALUES (147, 'beatae', 105, 538, 2);
INSERT INTO `canco` (`canco_id`, `titulo`, `durada`, `numero_reproducio`, `album_id`) VALUES (148, 'molestiae', 225, 754, 3);
INSERT INTO `canco` (`canco_id`, `titulo`, `durada`, `numero_reproducio`, `album_id`) VALUES (149, 'magnam', 201, 8304, 12);
INSERT INTO `canco` (`canco_id`, `titulo`, `durada`, `numero_reproducio`, `album_id`) VALUES (150, 'et', 243, 6525, 5);
INSERT INTO `canco` (`canco_id`, `titulo`, `durada`, `numero_reproducio`, `album_id`) VALUES (151, 'soluta', 156, 7275, 9);
INSERT INTO `canco` (`canco_id`, `titulo`, `durada`, `numero_reproducio`, `album_id`) VALUES (152, 'et', 123, 4874, 4);
INSERT INTO `canco` (`canco_id`, `titulo`, `durada`, `numero_reproducio`, `album_id`) VALUES (153, 'cum', 57, 6086, 19);
INSERT INTO `canco` (`canco_id`, `titulo`, `durada`, `numero_reproducio`, `album_id`) VALUES (154, 'ut', 152, 4777, 19);
INSERT INTO `canco` (`canco_id`, `titulo`, `durada`, `numero_reproducio`, `album_id`) VALUES (155, 'est', 252, 8477, 9);
INSERT INTO `canco` (`canco_id`, `titulo`, `durada`, `numero_reproducio`, `album_id`) VALUES (156, 'aut', 85, 2229, 4);
INSERT INTO `canco` (`canco_id`, `titulo`, `durada`, `numero_reproducio`, `album_id`) VALUES (157, 'et', 266, 5580, 3);
INSERT INTO `canco` (`canco_id`, `titulo`, `durada`, `numero_reproducio`, `album_id`) VALUES (158, 'ut', 240, 7798, 6);
INSERT INTO `canco` (`canco_id`, `titulo`, `durada`, `numero_reproducio`, `album_id`) VALUES (159, 'molestias', 138, 531, 1);
INSERT INTO `canco` (`canco_id`, `titulo`, `durada`, `numero_reproducio`, `album_id`) VALUES (160, 'id', 58, 6853, 6);
INSERT INTO `canco` (`canco_id`, `titulo`, `durada`, `numero_reproducio`, `album_id`) VALUES (161, 'est', 210, 4709, 8);
INSERT INTO `canco` (`canco_id`, `titulo`, `durada`, `numero_reproducio`, `album_id`) VALUES (162, 'rerum', 96, 3797, 18);
INSERT INTO `canco` (`canco_id`, `titulo`, `durada`, `numero_reproducio`, `album_id`) VALUES (163, 'ut', 155, 5588, 6);
INSERT INTO `canco` (`canco_id`, `titulo`, `durada`, `numero_reproducio`, `album_id`) VALUES (164, 'natus', 111, 5667, 9);
INSERT INTO `canco` (`canco_id`, `titulo`, `durada`, `numero_reproducio`, `album_id`) VALUES (165, 'fuga', 254, 1812, 20);
INSERT INTO `canco` (`canco_id`, `titulo`, `durada`, `numero_reproducio`, `album_id`) VALUES (166, 'qui', 229, 1079, 13);
INSERT INTO `canco` (`canco_id`, `titulo`, `durada`, `numero_reproducio`, `album_id`) VALUES (167, 'quia', 254, 4955, 2);
INSERT INTO `canco` (`canco_id`, `titulo`, `durada`, `numero_reproducio`, `album_id`) VALUES (168, 'quia', 95, 3148, 18);
INSERT INTO `canco` (`canco_id`, `titulo`, `durada`, `numero_reproducio`, `album_id`) VALUES (169, 'provident', 84, 236, 16);
INSERT INTO `canco` (`canco_id`, `titulo`, `durada`, `numero_reproducio`, `album_id`) VALUES (170, 'consequatur', 228, 5597, 12);
INSERT INTO `canco` (`canco_id`, `titulo`, `durada`, `numero_reproducio`, `album_id`) VALUES (171, 'magnam', 294, 2104, 18);
INSERT INTO `canco` (`canco_id`, `titulo`, `durada`, `numero_reproducio`, `album_id`) VALUES (172, 'illo', 127, 7849, 18);
INSERT INTO `canco` (`canco_id`, `titulo`, `durada`, `numero_reproducio`, `album_id`) VALUES (173, 'corrupti', 235, 3539, 6);
INSERT INTO `canco` (`canco_id`, `titulo`, `durada`, `numero_reproducio`, `album_id`) VALUES (174, 'fuga', 112, 6301, 15);
INSERT INTO `canco` (`canco_id`, `titulo`, `durada`, `numero_reproducio`, `album_id`) VALUES (175, 'ullam', 165, 2075, 18);
INSERT INTO `canco` (`canco_id`, `titulo`, `durada`, `numero_reproducio`, `album_id`) VALUES (176, 'sed', 206, 1612, 11);
INSERT INTO `canco` (`canco_id`, `titulo`, `durada`, `numero_reproducio`, `album_id`) VALUES (177, 'veniam', 136, 3533, 10);
INSERT INTO `canco` (`canco_id`, `titulo`, `durada`, `numero_reproducio`, `album_id`) VALUES (178, 'iure', 175, 198, 19);
INSERT INTO `canco` (`canco_id`, `titulo`, `durada`, `numero_reproducio`, `album_id`) VALUES (179, 'perferendis', 82, 3189, 14);
INSERT INTO `canco` (`canco_id`, `titulo`, `durada`, `numero_reproducio`, `album_id`) VALUES (180, 'mollitia', 74, 9018, 2);
INSERT INTO `canco` (`canco_id`, `titulo`, `durada`, `numero_reproducio`, `album_id`) VALUES (181, 'soluta', 297, 8960, 4);
INSERT INTO `canco` (`canco_id`, `titulo`, `durada`, `numero_reproducio`, `album_id`) VALUES (182, 'molestiae', 57, 7555, 2);
INSERT INTO `canco` (`canco_id`, `titulo`, `durada`, `numero_reproducio`, `album_id`) VALUES (183, 'ipsa', 256, 6994, 5);
INSERT INTO `canco` (`canco_id`, `titulo`, `durada`, `numero_reproducio`, `album_id`) VALUES (184, 'doloribus', 299, 6090, 2);
INSERT INTO `canco` (`canco_id`, `titulo`, `durada`, `numero_reproducio`, `album_id`) VALUES (185, 'ut', 296, 8105, 20);
INSERT INTO `canco` (`canco_id`, `titulo`, `durada`, `numero_reproducio`, `album_id`) VALUES (186, 'itaque', 286, 7821, 14);
INSERT INTO `canco` (`canco_id`, `titulo`, `durada`, `numero_reproducio`, `album_id`) VALUES (187, 'asperiores', 163, 6189, 5);
INSERT INTO `canco` (`canco_id`, `titulo`, `durada`, `numero_reproducio`, `album_id`) VALUES (188, 'reprehenderit', 121, 9599, 3);
INSERT INTO `canco` (`canco_id`, `titulo`, `durada`, `numero_reproducio`, `album_id`) VALUES (189, 'sed', 254, 1374, 20);
INSERT INTO `canco` (`canco_id`, `titulo`, `durada`, `numero_reproducio`, `album_id`) VALUES (190, 'porro', 289, 1571, 6);
INSERT INTO `canco` (`canco_id`, `titulo`, `durada`, `numero_reproducio`, `album_id`) VALUES (191, 'qui', 86, 3545, 8);
INSERT INTO `canco` (`canco_id`, `titulo`, `durada`, `numero_reproducio`, `album_id`) VALUES (192, 'dicta', 51, 6963, 7);
INSERT INTO `canco` (`canco_id`, `titulo`, `durada`, `numero_reproducio`, `album_id`) VALUES (193, 'earum', 185, 1504, 4);
INSERT INTO `canco` (`canco_id`, `titulo`, `durada`, `numero_reproducio`, `album_id`) VALUES (194, 'consequuntur', 270, 6617, 14);
INSERT INTO `canco` (`canco_id`, `titulo`, `durada`, `numero_reproducio`, `album_id`) VALUES (195, 'reiciendis', 279, 7123, 16);
INSERT INTO `canco` (`canco_id`, `titulo`, `durada`, `numero_reproducio`, `album_id`) VALUES (196, 'sed', 55, 2262, 3);
INSERT INTO `canco` (`canco_id`, `titulo`, `durada`, `numero_reproducio`, `album_id`) VALUES (197, 'et', 225, 2370, 6);
INSERT INTO `canco` (`canco_id`, `titulo`, `durada`, `numero_reproducio`, `album_id`) VALUES (198, 'a', 233, 8902, 17);
INSERT INTO `canco` (`canco_id`, `titulo`, `durada`, `numero_reproducio`, `album_id`) VALUES (199, 'et', 100, 9993, 1);
INSERT INTO `canco` (`canco_id`, `titulo`, `durada`, `numero_reproducio`, `album_id`) VALUES (200, 'sed', 195, 8571, 1);

INSERT INTO `canco_favorit` (`usuari_id`, `canco_id`) VALUES (3, 70);
INSERT INTO `canco_favorit` (`usuari_id`, `canco_id`) VALUES (3, 131);
INSERT INTO `canco_favorit` (`usuari_id`, `canco_id`) VALUES (3, 137);
INSERT INTO `canco_favorit` (`usuari_id`, `canco_id`) VALUES (6, 17);
INSERT INTO `canco_favorit` (`usuari_id`, `canco_id`) VALUES (8, 109);
INSERT INTO `canco_favorit` (`usuari_id`, `canco_id`) VALUES (9, 60);
INSERT INTO `canco_favorit` (`usuari_id`, `canco_id`) VALUES (9, 164);
INSERT INTO `canco_favorit` (`usuari_id`, `canco_id`) VALUES (10, 100);
INSERT INTO `canco_favorit` (`usuari_id`, `canco_id`) VALUES (10, 140);
INSERT INTO `canco_favorit` (`usuari_id`, `canco_id`) VALUES (10, 159);
INSERT INTO `canco_favorit` (`usuari_id`, `canco_id`) VALUES (12, 19);
INSERT INTO `canco_favorit` (`usuari_id`, `canco_id`) VALUES (16, 58);
INSERT INTO `canco_favorit` (`usuari_id`, `canco_id`) VALUES (17, 100);
INSERT INTO `canco_favorit` (`usuari_id`, `canco_id`) VALUES (17, 143);
INSERT INTO `canco_favorit` (`usuari_id`, `canco_id`) VALUES (18, 26);
INSERT INTO `canco_favorit` (`usuari_id`, `canco_id`) VALUES (18, 76);
INSERT INTO `canco_favorit` (`usuari_id`, `canco_id`) VALUES (19, 129);
INSERT INTO `canco_favorit` (`usuari_id`, `canco_id`) VALUES (21, 98);
INSERT INTO `canco_favorit` (`usuari_id`, `canco_id`) VALUES (23, 46);
INSERT INTO `canco_favorit` (`usuari_id`, `canco_id`) VALUES (24, 138);
INSERT INTO `canco_favorit` (`usuari_id`, `canco_id`) VALUES (25, 30);
INSERT INTO `canco_favorit` (`usuari_id`, `canco_id`) VALUES (28, 26);
INSERT INTO `canco_favorit` (`usuari_id`, `canco_id`) VALUES (28, 105);
INSERT INTO `canco_favorit` (`usuari_id`, `canco_id`) VALUES (28, 112);
INSERT INTO `canco_favorit` (`usuari_id`, `canco_id`) VALUES (29, 81);
INSERT INTO `canco_favorit` (`usuari_id`, `canco_id`) VALUES (29, 131);
INSERT INTO `canco_favorit` (`usuari_id`, `canco_id`) VALUES (30, 125);
INSERT INTO `canco_favorit` (`usuari_id`, `canco_id`) VALUES (32, 62);
INSERT INTO `canco_favorit` (`usuari_id`, `canco_id`) VALUES (32, 72);
INSERT INTO `canco_favorit` (`usuari_id`, `canco_id`) VALUES (32, 118);
INSERT INTO `canco_favorit` (`usuari_id`, `canco_id`) VALUES (33, 153);
INSERT INTO `canco_favorit` (`usuari_id`, `canco_id`) VALUES (34, 77);
INSERT INTO `canco_favorit` (`usuari_id`, `canco_id`) VALUES (34, 143);
INSERT INTO `canco_favorit` (`usuari_id`, `canco_id`) VALUES (36, 140);
INSERT INTO `canco_favorit` (`usuari_id`, `canco_id`) VALUES (38, 31);
INSERT INTO `canco_favorit` (`usuari_id`, `canco_id`) VALUES (38, 49);
INSERT INTO `canco_favorit` (`usuari_id`, `canco_id`) VALUES (38, 145);
INSERT INTO `canco_favorit` (`usuari_id`, `canco_id`) VALUES (38, 147);
INSERT INTO `canco_favorit` (`usuari_id`, `canco_id`) VALUES (38, 174);
INSERT INTO `canco_favorit` (`usuari_id`, `canco_id`) VALUES (42, 32);
INSERT INTO `canco_favorit` (`usuari_id`, `canco_id`) VALUES (45, 4);
INSERT INTO `canco_favorit` (`usuari_id`, `canco_id`) VALUES (45, 9);
INSERT INTO `canco_favorit` (`usuari_id`, `canco_id`) VALUES (45, 75);
INSERT INTO `canco_favorit` (`usuari_id`, `canco_id`) VALUES (47, 177);
INSERT INTO `canco_favorit` (`usuari_id`, `canco_id`) VALUES (48, 93);
INSERT INTO `canco_favorit` (`usuari_id`, `canco_id`) VALUES (49, 13);
INSERT INTO `canco_favorit` (`usuari_id`, `canco_id`) VALUES (50, 14);
INSERT INTO `canco_favorit` (`usuari_id`, `canco_id`) VALUES (51, 17);
INSERT INTO `canco_favorit` (`usuari_id`, `canco_id`) VALUES (51, 86);
INSERT INTO `canco_favorit` (`usuari_id`, `canco_id`) VALUES (52, 64);
INSERT INTO `canco_favorit` (`usuari_id`, `canco_id`) VALUES (53, 56);
INSERT INTO `canco_favorit` (`usuari_id`, `canco_id`) VALUES (53, 66);
INSERT INTO `canco_favorit` (`usuari_id`, `canco_id`) VALUES (53, 163);
INSERT INTO `canco_favorit` (`usuari_id`, `canco_id`) VALUES (54, 80);
INSERT INTO `canco_favorit` (`usuari_id`, `canco_id`) VALUES (58, 138);
INSERT INTO `canco_favorit` (`usuari_id`, `canco_id`) VALUES (59, 108);
INSERT INTO `canco_favorit` (`usuari_id`, `canco_id`) VALUES (59, 146);
INSERT INTO `canco_favorit` (`usuari_id`, `canco_id`) VALUES (60, 176);
INSERT INTO `canco_favorit` (`usuari_id`, `canco_id`) VALUES (61, 6);
INSERT INTO `canco_favorit` (`usuari_id`, `canco_id`) VALUES (61, 198);
INSERT INTO `canco_favorit` (`usuari_id`, `canco_id`) VALUES (63, 53);
INSERT INTO `canco_favorit` (`usuari_id`, `canco_id`) VALUES (63, 195);
INSERT INTO `canco_favorit` (`usuari_id`, `canco_id`) VALUES (64, 14);
INSERT INTO `canco_favorit` (`usuari_id`, `canco_id`) VALUES (64, 77);
INSERT INTO `canco_favorit` (`usuari_id`, `canco_id`) VALUES (66, 147);
INSERT INTO `canco_favorit` (`usuari_id`, `canco_id`) VALUES (67, 200);
INSERT INTO `canco_favorit` (`usuari_id`, `canco_id`) VALUES (68, 134);
INSERT INTO `canco_favorit` (`usuari_id`, `canco_id`) VALUES (68, 168);
INSERT INTO `canco_favorit` (`usuari_id`, `canco_id`) VALUES (69, 94);
INSERT INTO `canco_favorit` (`usuari_id`, `canco_id`) VALUES (69, 162);
INSERT INTO `canco_favorit` (`usuari_id`, `canco_id`) VALUES (70, 42);
INSERT INTO `canco_favorit` (`usuari_id`, `canco_id`) VALUES (70, 118);
INSERT INTO `canco_favorit` (`usuari_id`, `canco_id`) VALUES (70, 191);
INSERT INTO `canco_favorit` (`usuari_id`, `canco_id`) VALUES (77, 90);
INSERT INTO `canco_favorit` (`usuari_id`, `canco_id`) VALUES (78, 24);
INSERT INTO `canco_favorit` (`usuari_id`, `canco_id`) VALUES (79, 200);
INSERT INTO `canco_favorit` (`usuari_id`, `canco_id`) VALUES (81, 46);
INSERT INTO `canco_favorit` (`usuari_id`, `canco_id`) VALUES (84, 139);
INSERT INTO `canco_favorit` (`usuari_id`, `canco_id`) VALUES (84, 162);
INSERT INTO `canco_favorit` (`usuari_id`, `canco_id`) VALUES (85, 130);
INSERT INTO `canco_favorit` (`usuari_id`, `canco_id`) VALUES (86, 34);
INSERT INTO `canco_favorit` (`usuari_id`, `canco_id`) VALUES (87, 24);
INSERT INTO `canco_favorit` (`usuari_id`, `canco_id`) VALUES (87, 100);
INSERT INTO `canco_favorit` (`usuari_id`, `canco_id`) VALUES (87, 146);
INSERT INTO `canco_favorit` (`usuari_id`, `canco_id`) VALUES (87, 166);
INSERT INTO `canco_favorit` (`usuari_id`, `canco_id`) VALUES (88, 5);
INSERT INTO `canco_favorit` (`usuari_id`, `canco_id`) VALUES (88, 158);
INSERT INTO `canco_favorit` (`usuari_id`, `canco_id`) VALUES (89, 126);
INSERT INTO `canco_favorit` (`usuari_id`, `canco_id`) VALUES (92, 107);
INSERT INTO `canco_favorit` (`usuari_id`, `canco_id`) VALUES (92, 191);
INSERT INTO `canco_favorit` (`usuari_id`, `canco_id`) VALUES (93, 11);
INSERT INTO `canco_favorit` (`usuari_id`, `canco_id`) VALUES (94, 50);
INSERT INTO `canco_favorit` (`usuari_id`, `canco_id`) VALUES (95, 2);
INSERT INTO `canco_favorit` (`usuari_id`, `canco_id`) VALUES (96, 1);
INSERT INTO `canco_favorit` (`usuari_id`, `canco_id`) VALUES (96, 33);
INSERT INTO `canco_favorit` (`usuari_id`, `canco_id`) VALUES (96, 65);
INSERT INTO `canco_favorit` (`usuari_id`, `canco_id`) VALUES (96, 160);
INSERT INTO `canco_favorit` (`usuari_id`, `canco_id`) VALUES (97, 182);
INSERT INTO `canco_favorit` (`usuari_id`, `canco_id`) VALUES (98, 143);
INSERT INTO `canco_favorit` (`usuari_id`, `canco_id`) VALUES (99, 108);


INSERT INTO `playlist` (`playlist_id`, `titol`, `data_creacio`, `creacio_usuari_id`, `estat`, `data_esborrat`) VALUES (1, 'qui', '1992-03-05 15:26:42', 88, 'activa', '2005-08-01 06:09:11');
INSERT INTO `playlist` (`playlist_id`, `titol`, `data_creacio`, `creacio_usuari_id`, `estat`, `data_esborrat`) VALUES (2, 'pariatur', '2012-04-13 05:04:44', 65, 'esborrat', '1970-07-01 19:31:01');
INSERT INTO `playlist` (`playlist_id`, `titol`, `data_creacio`, `creacio_usuari_id`, `estat`, `data_esborrat`) VALUES (3, 'perspiciatis', '1984-11-19 14:33:06', 96, 'esborrat', '1993-06-04 02:40:41');
INSERT INTO `playlist` (`playlist_id`, `titol`, `data_creacio`, `creacio_usuari_id`, `estat`, `data_esborrat`) VALUES (4, 'modi', '2021-05-08 07:04:34', 37, 'esborrat', '2017-02-25 04:25:18');
INSERT INTO `playlist` (`playlist_id`, `titol`, `data_creacio`, `creacio_usuari_id`, `estat`, `data_esborrat`) VALUES (5, 'illo', '1974-09-02 05:17:15', 80, 'activa', '2002-10-14 07:44:57');
INSERT INTO `playlist` (`playlist_id`, `titol`, `data_creacio`, `creacio_usuari_id`, `estat`, `data_esborrat`) VALUES (6, 'saepe', '1978-04-03 23:29:13', 34, 'activa', '1988-03-01 03:39:29');
INSERT INTO `playlist` (`playlist_id`, `titol`, `data_creacio`, `creacio_usuari_id`, `estat`, `data_esborrat`) VALUES (7, 'ratione', '1996-03-13 06:37:46', 33, 'activa', '2003-10-13 04:30:21');
INSERT INTO `playlist` (`playlist_id`, `titol`, `data_creacio`, `creacio_usuari_id`, `estat`, `data_esborrat`) VALUES (8, 'cumque', '2002-02-08 12:39:00', 54, 'activa', '1986-10-23 14:22:52');
INSERT INTO `playlist` (`playlist_id`, `titol`, `data_creacio`, `creacio_usuari_id`, `estat`, `data_esborrat`) VALUES (9, 'aliquam', '2018-05-10 21:27:25', 25, 'activa', '2001-05-20 16:25:42');
INSERT INTO `playlist` (`playlist_id`, `titol`, `data_creacio`, `creacio_usuari_id`, `estat`, `data_esborrat`) VALUES (10, 'voluptate', '1976-11-07 23:49:46', 31, 'activa', '2022-08-14 07:47:18');
INSERT INTO `playlist` (`playlist_id`, `titol`, `data_creacio`, `creacio_usuari_id`, `estat`, `data_esborrat`) VALUES (11, 'vel', '1972-10-02 13:36:42', 5, 'activa', '2009-08-31 14:23:53');
INSERT INTO `playlist` (`playlist_id`, `titol`, `data_creacio`, `creacio_usuari_id`, `estat`, `data_esborrat`) VALUES (12, 'qui', '1981-10-29 00:24:39', 30, 'esborrat', '1990-08-30 05:43:30');
INSERT INTO `playlist` (`playlist_id`, `titol`, `data_creacio`, `creacio_usuari_id`, `estat`, `data_esborrat`) VALUES (13, 'a', '1995-11-26 15:11:16', 90, 'esborrat', '1977-02-18 17:35:49');
INSERT INTO `playlist` (`playlist_id`, `titol`, `data_creacio`, `creacio_usuari_id`, `estat`, `data_esborrat`) VALUES (14, 'et', '2021-12-04 08:45:00', 23, 'esborrat', '1982-10-02 17:38:07');
INSERT INTO `playlist` (`playlist_id`, `titol`, `data_creacio`, `creacio_usuari_id`, `estat`, `data_esborrat`) VALUES (15, 'est', '2007-01-23 19:42:58', 36, 'activa', '1983-06-17 14:17:16');
INSERT INTO `playlist` (`playlist_id`, `titol`, `data_creacio`, `creacio_usuari_id`, `estat`, `data_esborrat`) VALUES (16, 'ea', '1998-09-09 11:46:19', 12, 'activa', '2021-03-15 09:04:31');
INSERT INTO `playlist` (`playlist_id`, `titol`, `data_creacio`, `creacio_usuari_id`, `estat`, `data_esborrat`) VALUES (17, 'id', '1977-06-22 20:57:36', 42, 'activa', '1973-11-15 14:16:16');
INSERT INTO `playlist` (`playlist_id`, `titol`, `data_creacio`, `creacio_usuari_id`, `estat`, `data_esborrat`) VALUES (18, 'eum', '2008-06-15 07:47:33', 27, 'activa', '2004-06-04 08:48:00');
INSERT INTO `playlist` (`playlist_id`, `titol`, `data_creacio`, `creacio_usuari_id`, `estat`, `data_esborrat`) VALUES (19, 'aut', '1992-07-26 11:30:55', 46, 'activa', '2011-02-10 03:00:39');
INSERT INTO `playlist` (`playlist_id`, `titol`, `data_creacio`, `creacio_usuari_id`, `estat`, `data_esborrat`) VALUES (20, 'cumque', '1973-02-23 21:18:28', 32, 'activa', '2017-07-06 20:08:53');
INSERT INTO `playlist` (`playlist_id`, `titol`, `data_creacio`, `creacio_usuari_id`, `estat`, `data_esborrat`) VALUES (21, 'placeat', '1988-01-31 02:54:10', 28, 'activa', '1977-02-19 16:41:29');
INSERT INTO `playlist` (`playlist_id`, `titol`, `data_creacio`, `creacio_usuari_id`, `estat`, `data_esborrat`) VALUES (22, 'officiis', '1998-10-19 11:11:37', 9, 'esborrat', '1971-11-03 14:42:05');
INSERT INTO `playlist` (`playlist_id`, `titol`, `data_creacio`, `creacio_usuari_id`, `estat`, `data_esborrat`) VALUES (23, 'beatae', '1970-04-12 03:27:37', 83, 'esborrat', '2003-05-31 00:11:45');
INSERT INTO `playlist` (`playlist_id`, `titol`, `data_creacio`, `creacio_usuari_id`, `estat`, `data_esborrat`) VALUES (24, 'non', '1993-06-21 02:20:13', 91, 'esborrat', '1974-03-09 08:35:26');
INSERT INTO `playlist` (`playlist_id`, `titol`, `data_creacio`, `creacio_usuari_id`, `estat`, `data_esborrat`) VALUES (25, 'incidunt', '1970-04-20 14:08:39', 51, 'activa', '1978-06-13 04:02:50');
INSERT INTO `playlist` (`playlist_id`, `titol`, `data_creacio`, `creacio_usuari_id`, `estat`, `data_esborrat`) VALUES (26, 'adipisci', '1991-11-01 17:17:23', 46, 'activa', '2015-09-27 19:46:55');
INSERT INTO `playlist` (`playlist_id`, `titol`, `data_creacio`, `creacio_usuari_id`, `estat`, `data_esborrat`) VALUES (27, 'suscipit', '1976-08-08 02:49:42', 93, 'activa', '2017-05-06 17:06:04');
INSERT INTO `playlist` (`playlist_id`, `titol`, `data_creacio`, `creacio_usuari_id`, `estat`, `data_esborrat`) VALUES (28, 'distinctio', '1973-05-13 02:53:55', 87, 'activa', '1972-02-23 13:57:38');
INSERT INTO `playlist` (`playlist_id`, `titol`, `data_creacio`, `creacio_usuari_id`, `estat`, `data_esborrat`) VALUES (29, 'error', '2014-09-19 19:49:50', 64, 'activa', '2015-10-12 07:55:46');
INSERT INTO `playlist` (`playlist_id`, `titol`, `data_creacio`, `creacio_usuari_id`, `estat`, `data_esborrat`) VALUES (30, 'odit', '1976-11-15 12:19:26', 27, 'activa', '2017-07-11 22:11:48');
INSERT INTO `playlist` (`playlist_id`, `titol`, `data_creacio`, `creacio_usuari_id`, `estat`, `data_esborrat`) VALUES (31, 'iure', '1999-12-09 05:26:24', 36, 'esborrat', '2011-06-15 14:03:55');
INSERT INTO `playlist` (`playlist_id`, `titol`, `data_creacio`, `creacio_usuari_id`, `estat`, `data_esborrat`) VALUES (32, 'omnis', '2002-12-29 19:18:02', 52, 'esborrat', '2013-09-29 23:36:47');
INSERT INTO `playlist` (`playlist_id`, `titol`, `data_creacio`, `creacio_usuari_id`, `estat`, `data_esborrat`) VALUES (33, 'iste', '2022-03-29 00:50:36', 91, 'activa', '1991-01-14 20:41:09');
INSERT INTO `playlist` (`playlist_id`, `titol`, `data_creacio`, `creacio_usuari_id`, `estat`, `data_esborrat`) VALUES (34, 'impedit', '1985-12-09 00:01:12', 31, 'activa', '1977-03-08 06:33:57');
INSERT INTO `playlist` (`playlist_id`, `titol`, `data_creacio`, `creacio_usuari_id`, `estat`, `data_esborrat`) VALUES (35, 'voluptatem', '1977-02-04 01:46:45', 88, 'esborrat', '1989-09-22 12:54:19');
INSERT INTO `playlist` (`playlist_id`, `titol`, `data_creacio`, `creacio_usuari_id`, `estat`, `data_esborrat`) VALUES (36, 'quia', '2006-10-12 06:50:34', 71, 'activa', '2007-03-29 23:05:37');
INSERT INTO `playlist` (`playlist_id`, `titol`, `data_creacio`, `creacio_usuari_id`, `estat`, `data_esborrat`) VALUES (37, 'ab', '2000-11-11 10:22:51', 64, 'activa', '1992-10-08 14:25:02');
INSERT INTO `playlist` (`playlist_id`, `titol`, `data_creacio`, `creacio_usuari_id`, `estat`, `data_esborrat`) VALUES (38, 'tempora', '2019-12-19 22:07:16', 21, 'esborrat', '1990-12-09 20:52:43');
INSERT INTO `playlist` (`playlist_id`, `titol`, `data_creacio`, `creacio_usuari_id`, `estat`, `data_esborrat`) VALUES (39, 'eos', '1980-11-15 03:15:20', 25, 'activa', '1996-05-03 00:00:05');
INSERT INTO `playlist` (`playlist_id`, `titol`, `data_creacio`, `creacio_usuari_id`, `estat`, `data_esborrat`) VALUES (40, 'corporis', '2000-12-11 23:24:33', 88, 'esborrat', '2010-03-26 08:31:44');
INSERT INTO `playlist` (`playlist_id`, `titol`, `data_creacio`, `creacio_usuari_id`, `estat`, `data_esborrat`) VALUES (41, 'est', '1982-02-10 01:40:59', 51, 'esborrat', '1987-03-06 07:17:32');
INSERT INTO `playlist` (`playlist_id`, `titol`, `data_creacio`, `creacio_usuari_id`, `estat`, `data_esborrat`) VALUES (42, 'minus', '2021-03-05 03:12:35', 30, 'activa', '1972-09-27 05:47:24');
INSERT INTO `playlist` (`playlist_id`, `titol`, `data_creacio`, `creacio_usuari_id`, `estat`, `data_esborrat`) VALUES (43, 'totam', '2012-09-08 20:26:44', 18, 'activa', '1975-04-13 04:58:38');
INSERT INTO `playlist` (`playlist_id`, `titol`, `data_creacio`, `creacio_usuari_id`, `estat`, `data_esborrat`) VALUES (44, 'ea', '1989-05-01 22:20:26', 40, 'esborrat', '1988-08-29 15:40:29');
INSERT INTO `playlist` (`playlist_id`, `titol`, `data_creacio`, `creacio_usuari_id`, `estat`, `data_esborrat`) VALUES (45, 'ut', '1977-02-12 06:16:26', 53, 'activa', '2016-04-11 22:20:37');
INSERT INTO `playlist` (`playlist_id`, `titol`, `data_creacio`, `creacio_usuari_id`, `estat`, `data_esborrat`) VALUES (46, 'rerum', '2009-11-04 04:08:46', 53, 'esborrat', '1987-12-31 11:42:15');
INSERT INTO `playlist` (`playlist_id`, `titol`, `data_creacio`, `creacio_usuari_id`, `estat`, `data_esborrat`) VALUES (47, 'totam', '1992-05-07 07:02:46', 51, 'activa', '2011-12-28 13:55:11');
INSERT INTO `playlist` (`playlist_id`, `titol`, `data_creacio`, `creacio_usuari_id`, `estat`, `data_esborrat`) VALUES (48, 'natus', '2003-05-14 23:38:32', 94, 'activa', '2012-08-28 21:18:35');
INSERT INTO `playlist` (`playlist_id`, `titol`, `data_creacio`, `creacio_usuari_id`, `estat`, `data_esborrat`) VALUES (49, 'consequatur', '1971-11-09 21:12:06', 79, 'activa', '1990-11-28 19:42:42');
INSERT INTO `playlist` (`playlist_id`, `titol`, `data_creacio`, `creacio_usuari_id`, `estat`, `data_esborrat`) VALUES (50, 'eos', '1989-09-03 17:13:30', 96, 'esborrat', '2015-07-21 15:15:58');
INSERT INTO `playlist` (`playlist_id`, `titol`, `data_creacio`, `creacio_usuari_id`, `estat`, `data_esborrat`) VALUES (51, 'deserunt', '1998-11-16 20:40:55', 26, 'activa', '1998-09-27 11:05:55');
INSERT INTO `playlist` (`playlist_id`, `titol`, `data_creacio`, `creacio_usuari_id`, `estat`, `data_esborrat`) VALUES (52, 'eum', '1999-11-05 07:13:51', 6, 'esborrat', '1980-09-22 18:43:12');
INSERT INTO `playlist` (`playlist_id`, `titol`, `data_creacio`, `creacio_usuari_id`, `estat`, `data_esborrat`) VALUES (53, 'omnis', '1984-11-18 15:53:09', 5, 'activa', '2010-05-07 04:50:39');
INSERT INTO `playlist` (`playlist_id`, `titol`, `data_creacio`, `creacio_usuari_id`, `estat`, `data_esborrat`) VALUES (54, 'accusantium', '2000-01-11 18:03:43', 8, 'activa', '1976-04-19 23:42:14');
INSERT INTO `playlist` (`playlist_id`, `titol`, `data_creacio`, `creacio_usuari_id`, `estat`, `data_esborrat`) VALUES (55, 'commodi', '1989-05-13 03:12:15', 97, 'esborrat', '2018-12-06 11:13:43');
INSERT INTO `playlist` (`playlist_id`, `titol`, `data_creacio`, `creacio_usuari_id`, `estat`, `data_esborrat`) VALUES (56, 'nobis', '1983-06-06 01:49:35', 56, 'activa', '1978-07-12 15:01:21');
INSERT INTO `playlist` (`playlist_id`, `titol`, `data_creacio`, `creacio_usuari_id`, `estat`, `data_esborrat`) VALUES (57, 'iste', '2010-03-15 09:39:13', 54, 'esborrat', '2006-06-01 18:34:54');
INSERT INTO `playlist` (`playlist_id`, `titol`, `data_creacio`, `creacio_usuari_id`, `estat`, `data_esborrat`) VALUES (58, 'voluptas', '1996-09-02 19:55:01', 89, 'activa', '1992-10-30 10:42:17');
INSERT INTO `playlist` (`playlist_id`, `titol`, `data_creacio`, `creacio_usuari_id`, `estat`, `data_esborrat`) VALUES (59, 'animi', '1971-01-08 13:48:22', 43, 'activa', '2015-11-20 11:10:56');
INSERT INTO `playlist` (`playlist_id`, `titol`, `data_creacio`, `creacio_usuari_id`, `estat`, `data_esborrat`) VALUES (60, 'eveniet', '2015-12-31 06:49:25', 18, 'esborrat', '1984-01-22 15:45:03');
INSERT INTO `playlist` (`playlist_id`, `titol`, `data_creacio`, `creacio_usuari_id`, `estat`, `data_esborrat`) VALUES (61, 'ad', '1991-04-24 23:06:02', 16, 'activa', '1972-05-08 14:04:03');
INSERT INTO `playlist` (`playlist_id`, `titol`, `data_creacio`, `creacio_usuari_id`, `estat`, `data_esborrat`) VALUES (62, 'reiciendis', '2007-09-05 21:24:45', 78, 'activa', '2017-12-14 23:36:44');
INSERT INTO `playlist` (`playlist_id`, `titol`, `data_creacio`, `creacio_usuari_id`, `estat`, `data_esborrat`) VALUES (63, 'voluptatem', '1994-09-09 04:01:06', 69, 'activa', '2009-03-04 20:33:15');
INSERT INTO `playlist` (`playlist_id`, `titol`, `data_creacio`, `creacio_usuari_id`, `estat`, `data_esborrat`) VALUES (64, 'hic', '2021-10-19 03:11:12', 7, 'activa', '1989-03-02 17:32:12');
INSERT INTO `playlist` (`playlist_id`, `titol`, `data_creacio`, `creacio_usuari_id`, `estat`, `data_esborrat`) VALUES (65, 'magnam', '1980-03-22 09:22:46', 9, 'esborrat', '1992-10-23 23:22:53');
INSERT INTO `playlist` (`playlist_id`, `titol`, `data_creacio`, `creacio_usuari_id`, `estat`, `data_esborrat`) VALUES (66, 'maiores', '2011-05-09 20:32:10', 57, 'activa', '2009-12-15 10:36:21');
INSERT INTO `playlist` (`playlist_id`, `titol`, `data_creacio`, `creacio_usuari_id`, `estat`, `data_esborrat`) VALUES (67, 'vel', '1996-08-24 08:33:56', 77, 'esborrat', '1973-05-24 06:42:44');
INSERT INTO `playlist` (`playlist_id`, `titol`, `data_creacio`, `creacio_usuari_id`, `estat`, `data_esborrat`) VALUES (68, 'placeat', '1978-09-04 18:35:19', 73, 'esborrat', '1983-07-01 04:54:58');
INSERT INTO `playlist` (`playlist_id`, `titol`, `data_creacio`, `creacio_usuari_id`, `estat`, `data_esborrat`) VALUES (69, 'occaecati', '1987-09-02 10:14:34', 77, 'activa', '2003-04-21 20:18:04');
INSERT INTO `playlist` (`playlist_id`, `titol`, `data_creacio`, `creacio_usuari_id`, `estat`, `data_esborrat`) VALUES (70, 'optio', '2017-06-11 21:53:20', 2, 'esborrat', '1997-10-02 16:24:56');
INSERT INTO `playlist` (`playlist_id`, `titol`, `data_creacio`, `creacio_usuari_id`, `estat`, `data_esborrat`) VALUES (71, 'placeat', '2019-12-14 08:06:39', 61, 'activa', '1984-01-29 13:50:09');
INSERT INTO `playlist` (`playlist_id`, `titol`, `data_creacio`, `creacio_usuari_id`, `estat`, `data_esborrat`) VALUES (72, 'et', '1981-04-04 01:19:48', 28, 'esborrat', '2009-05-16 19:09:13');
INSERT INTO `playlist` (`playlist_id`, `titol`, `data_creacio`, `creacio_usuari_id`, `estat`, `data_esborrat`) VALUES (73, 'est', '2002-12-04 09:20:22', 31, 'esborrat', '1990-03-24 22:35:24');
INSERT INTO `playlist` (`playlist_id`, `titol`, `data_creacio`, `creacio_usuari_id`, `estat`, `data_esborrat`) VALUES (74, 'occaecati', '1977-02-19 22:46:55', 78, 'esborrat', '2016-04-12 17:59:50');
INSERT INTO `playlist` (`playlist_id`, `titol`, `data_creacio`, `creacio_usuari_id`, `estat`, `data_esborrat`) VALUES (75, 'ducimus', '1994-12-19 19:44:08', 68, 'activa', '2014-01-30 22:01:08');
INSERT INTO `playlist` (`playlist_id`, `titol`, `data_creacio`, `creacio_usuari_id`, `estat`, `data_esborrat`) VALUES (76, 'pariatur', '2004-11-16 00:18:48', 83, 'esborrat', '1986-11-09 12:15:10');
INSERT INTO `playlist` (`playlist_id`, `titol`, `data_creacio`, `creacio_usuari_id`, `estat`, `data_esborrat`) VALUES (77, 'fugiat', '2000-08-08 14:11:54', 30, 'activa', '1978-04-18 08:27:14');
INSERT INTO `playlist` (`playlist_id`, `titol`, `data_creacio`, `creacio_usuari_id`, `estat`, `data_esborrat`) VALUES (78, 'molestias', '1983-04-05 16:44:36', 18, 'esborrat', '2005-10-02 20:21:34');
INSERT INTO `playlist` (`playlist_id`, `titol`, `data_creacio`, `creacio_usuari_id`, `estat`, `data_esborrat`) VALUES (79, 'assumenda', '2009-04-01 13:52:12', 76, 'activa', '2000-02-04 08:52:24');
INSERT INTO `playlist` (`playlist_id`, `titol`, `data_creacio`, `creacio_usuari_id`, `estat`, `data_esborrat`) VALUES (80, 'cumque', '1992-08-18 03:15:43', 9, 'esborrat', '1991-01-22 00:14:28');
INSERT INTO `playlist` (`playlist_id`, `titol`, `data_creacio`, `creacio_usuari_id`, `estat`, `data_esborrat`) VALUES (81, 'dolores', '2006-01-08 04:40:28', 14, 'activa', '1982-09-16 13:05:59');
INSERT INTO `playlist` (`playlist_id`, `titol`, `data_creacio`, `creacio_usuari_id`, `estat`, `data_esborrat`) VALUES (82, 'sunt', '2011-08-21 08:10:46', 2, 'esborrat', '1988-04-23 06:06:33');
INSERT INTO `playlist` (`playlist_id`, `titol`, `data_creacio`, `creacio_usuari_id`, `estat`, `data_esborrat`) VALUES (83, 'corporis', '2002-11-18 17:49:00', 15, 'esborrat', '1977-08-26 01:42:06');
INSERT INTO `playlist` (`playlist_id`, `titol`, `data_creacio`, `creacio_usuari_id`, `estat`, `data_esborrat`) VALUES (84, 'sint', '1985-11-03 21:21:14', 19, 'esborrat', '2002-05-14 22:18:57');
INSERT INTO `playlist` (`playlist_id`, `titol`, `data_creacio`, `creacio_usuari_id`, `estat`, `data_esborrat`) VALUES (85, 'sit', '1989-04-08 08:26:31', 9, 'esborrat', '1992-08-05 11:47:40');
INSERT INTO `playlist` (`playlist_id`, `titol`, `data_creacio`, `creacio_usuari_id`, `estat`, `data_esborrat`) VALUES (86, 'quo', '2022-08-05 23:25:19', 11, 'esborrat', '1972-08-11 21:13:04');
INSERT INTO `playlist` (`playlist_id`, `titol`, `data_creacio`, `creacio_usuari_id`, `estat`, `data_esborrat`) VALUES (87, 'dolores', '2013-09-10 17:59:40', 75, 'activa', '1970-11-11 03:44:00');
INSERT INTO `playlist` (`playlist_id`, `titol`, `data_creacio`, `creacio_usuari_id`, `estat`, `data_esborrat`) VALUES (88, 'rem', '2002-05-28 00:58:51', 63, 'activa', '1988-09-09 07:57:24');
INSERT INTO `playlist` (`playlist_id`, `titol`, `data_creacio`, `creacio_usuari_id`, `estat`, `data_esborrat`) VALUES (89, 'delectus', '1975-05-07 14:35:54', 100, 'esborrat', '1989-10-30 06:32:10');
INSERT INTO `playlist` (`playlist_id`, `titol`, `data_creacio`, `creacio_usuari_id`, `estat`, `data_esborrat`) VALUES (90, 'libero', '2014-04-29 11:46:14', 17, 'activa', '1982-02-20 01:55:07');
INSERT INTO `playlist` (`playlist_id`, `titol`, `data_creacio`, `creacio_usuari_id`, `estat`, `data_esborrat`) VALUES (91, 'ut', '1995-11-23 11:02:23', 80, 'esborrat', '1995-06-25 08:01:15');
INSERT INTO `playlist` (`playlist_id`, `titol`, `data_creacio`, `creacio_usuari_id`, `estat`, `data_esborrat`) VALUES (92, 'et', '1976-10-17 02:51:15', 15, 'esborrat', '1994-03-18 20:53:17');
INSERT INTO `playlist` (`playlist_id`, `titol`, `data_creacio`, `creacio_usuari_id`, `estat`, `data_esborrat`) VALUES (93, 'tempora', '2010-04-18 23:43:06', 95, 'esborrat', '2000-03-01 07:47:57');
INSERT INTO `playlist` (`playlist_id`, `titol`, `data_creacio`, `creacio_usuari_id`, `estat`, `data_esborrat`) VALUES (94, 'voluptate', '1986-08-01 22:20:37', 49, 'esborrat', '1997-10-29 05:46:27');
INSERT INTO `playlist` (`playlist_id`, `titol`, `data_creacio`, `creacio_usuari_id`, `estat`, `data_esborrat`) VALUES (95, 'illo', '2001-06-22 04:17:38', 21, 'esborrat', '2018-12-02 10:02:35');
INSERT INTO `playlist` (`playlist_id`, `titol`, `data_creacio`, `creacio_usuari_id`, `estat`, `data_esborrat`) VALUES (96, 'saepe', '1995-11-10 17:02:31', 3, 'esborrat', '1975-07-19 23:42:24');
INSERT INTO `playlist` (`playlist_id`, `titol`, `data_creacio`, `creacio_usuari_id`, `estat`, `data_esborrat`) VALUES (97, 'laudantium', '2000-09-11 23:05:49', 5, 'activa', '2020-10-17 13:55:26');
INSERT INTO `playlist` (`playlist_id`, `titol`, `data_creacio`, `creacio_usuari_id`, `estat`, `data_esborrat`) VALUES (98, 'quis', '2001-11-29 02:37:14', 98, 'esborrat', '2010-09-21 15:02:27');
INSERT INTO `playlist` (`playlist_id`, `titol`, `data_creacio`, `creacio_usuari_id`, `estat`, `data_esborrat`) VALUES (99, 'distinctio', '1977-10-02 22:28:00', 76, 'esborrat', '2001-05-03 06:03:42');
INSERT INTO `playlist` (`playlist_id`, `titol`, `data_creacio`, `creacio_usuari_id`, `estat`, `data_esborrat`) VALUES (100, 'ex', '1997-06-13 13:14:24', 82, 'esborrat', '1983-07-11 02:15:09');

INSERT INTO `canco_has_playlist` (`canco_id`, `playlist_id`, `usuari_id`, `data_registre`) VALUES (1, 71, 100, '1978-05-15 16:24:38');
INSERT INTO `canco_has_playlist` (`canco_id`, `playlist_id`, `usuari_id`, `data_registre`) VALUES (3, 53, 62, '2016-12-09 03:53:40');
INSERT INTO `canco_has_playlist` (`canco_id`, `playlist_id`, `usuari_id`, `data_registre`) VALUES (4, 2, 25, '1985-01-30 00:36:39');
INSERT INTO `canco_has_playlist` (`canco_id`, `playlist_id`, `usuari_id`, `data_registre`) VALUES (4, 39, 14, '2014-11-27 14:18:31');
INSERT INTO `canco_has_playlist` (`canco_id`, `playlist_id`, `usuari_id`, `data_registre`) VALUES (4, 41, 55, '1978-02-18 13:01:29');
INSERT INTO `canco_has_playlist` (`canco_id`, `playlist_id`, `usuari_id`, `data_registre`) VALUES (4, 100, 73, '2000-07-21 02:52:28');
INSERT INTO `canco_has_playlist` (`canco_id`, `playlist_id`, `usuari_id`, `data_registre`) VALUES (7, 87, 77, '1976-04-07 08:15:05');
INSERT INTO `canco_has_playlist` (`canco_id`, `playlist_id`, `usuari_id`, `data_registre`) VALUES (9, 74, 62, '1998-12-17 21:59:53');
INSERT INTO `canco_has_playlist` (`canco_id`, `playlist_id`, `usuari_id`, `data_registre`) VALUES (10, 46, 13, '2009-01-03 19:56:36');
INSERT INTO `canco_has_playlist` (`canco_id`, `playlist_id`, `usuari_id`, `data_registre`) VALUES (24, 46, 45, '2016-10-08 08:49:05');
INSERT INTO `canco_has_playlist` (`canco_id`, `playlist_id`, `usuari_id`, `data_registre`) VALUES (27, 44, 16, '2010-03-05 13:39:22');
INSERT INTO `canco_has_playlist` (`canco_id`, `playlist_id`, `usuari_id`, `data_registre`) VALUES (27, 53, 95, '1991-04-26 19:05:13');
INSERT INTO `canco_has_playlist` (`canco_id`, `playlist_id`, `usuari_id`, `data_registre`) VALUES (28, 41, 72, '2009-06-21 19:16:41');
INSERT INTO `canco_has_playlist` (`canco_id`, `playlist_id`, `usuari_id`, `data_registre`) VALUES (37, 46, 93, '1986-08-29 02:51:50');
INSERT INTO `canco_has_playlist` (`canco_id`, `playlist_id`, `usuari_id`, `data_registre`) VALUES (37, 60, 45, '1998-12-15 09:38:46');
INSERT INTO `canco_has_playlist` (`canco_id`, `playlist_id`, `usuari_id`, `data_registre`) VALUES (37, 70, 67, '1975-02-09 00:20:33');
INSERT INTO `canco_has_playlist` (`canco_id`, `playlist_id`, `usuari_id`, `data_registre`) VALUES (40, 28, 72, '1978-01-17 11:20:54');
INSERT INTO `canco_has_playlist` (`canco_id`, `playlist_id`, `usuari_id`, `data_registre`) VALUES (42, 12, 14, '2006-06-30 07:19:16');
INSERT INTO `canco_has_playlist` (`canco_id`, `playlist_id`, `usuari_id`, `data_registre`) VALUES (43, 100, 94, '2012-08-19 23:32:34');
INSERT INTO `canco_has_playlist` (`canco_id`, `playlist_id`, `usuari_id`, `data_registre`) VALUES (44, 59, 74, '1987-06-13 06:05:07');
INSERT INTO `canco_has_playlist` (`canco_id`, `playlist_id`, `usuari_id`, `data_registre`) VALUES (48, 66, 69, '1973-05-26 19:01:17');
INSERT INTO `canco_has_playlist` (`canco_id`, `playlist_id`, `usuari_id`, `data_registre`) VALUES (51, 7, 70, '2014-10-10 01:36:00');
INSERT INTO `canco_has_playlist` (`canco_id`, `playlist_id`, `usuari_id`, `data_registre`) VALUES (52, 79, 54, '1970-04-09 12:19:57');
INSERT INTO `canco_has_playlist` (`canco_id`, `playlist_id`, `usuari_id`, `data_registre`) VALUES (54, 15, 83, '2009-04-19 08:03:17');
INSERT INTO `canco_has_playlist` (`canco_id`, `playlist_id`, `usuari_id`, `data_registre`) VALUES (63, 78, 26, '2006-11-28 13:55:48');
INSERT INTO `canco_has_playlist` (`canco_id`, `playlist_id`, `usuari_id`, `data_registre`) VALUES (65, 3, 72, '1974-05-13 09:28:32');
INSERT INTO `canco_has_playlist` (`canco_id`, `playlist_id`, `usuari_id`, `data_registre`) VALUES (65, 39, 89, '2017-08-13 07:26:21');
INSERT INTO `canco_has_playlist` (`canco_id`, `playlist_id`, `usuari_id`, `data_registre`) VALUES (65, 78, 60, '1994-01-15 03:26:06');
INSERT INTO `canco_has_playlist` (`canco_id`, `playlist_id`, `usuari_id`, `data_registre`) VALUES (68, 40, 34, '1974-05-02 10:40:00');
INSERT INTO `canco_has_playlist` (`canco_id`, `playlist_id`, `usuari_id`, `data_registre`) VALUES (71, 22, 79, '2002-02-28 23:16:44');
INSERT INTO `canco_has_playlist` (`canco_id`, `playlist_id`, `usuari_id`, `data_registre`) VALUES (72, 88, 74, '2019-12-24 12:26:58');
INSERT INTO `canco_has_playlist` (`canco_id`, `playlist_id`, `usuari_id`, `data_registre`) VALUES (73, 94, 33, '2021-05-21 23:19:35');
INSERT INTO `canco_has_playlist` (`canco_id`, `playlist_id`, `usuari_id`, `data_registre`) VALUES (74, 29, 67, '2002-03-27 11:03:40');
INSERT INTO `canco_has_playlist` (`canco_id`, `playlist_id`, `usuari_id`, `data_registre`) VALUES (74, 93, 1, '1993-01-12 11:29:35');
INSERT INTO `canco_has_playlist` (`canco_id`, `playlist_id`, `usuari_id`, `data_registre`) VALUES (75, 23, 87, '1978-04-25 18:49:40');
INSERT INTO `canco_has_playlist` (`canco_id`, `playlist_id`, `usuari_id`, `data_registre`) VALUES (76, 86, 95, '1985-11-10 04:01:44');
INSERT INTO `canco_has_playlist` (`canco_id`, `playlist_id`, `usuari_id`, `data_registre`) VALUES (83, 57, 40, '1971-06-09 08:10:13');
INSERT INTO `canco_has_playlist` (`canco_id`, `playlist_id`, `usuari_id`, `data_registre`) VALUES (84, 21, 45, '1986-12-11 23:32:13');
INSERT INTO `canco_has_playlist` (`canco_id`, `playlist_id`, `usuari_id`, `data_registre`) VALUES (86, 69, 11, '2009-08-08 04:40:10');
INSERT INTO `canco_has_playlist` (`canco_id`, `playlist_id`, `usuari_id`, `data_registre`) VALUES (87, 34, 10, '1995-07-14 10:14:39');
INSERT INTO `canco_has_playlist` (`canco_id`, `playlist_id`, `usuari_id`, `data_registre`) VALUES (88, 10, 54, '1991-09-23 02:27:50');
INSERT INTO `canco_has_playlist` (`canco_id`, `playlist_id`, `usuari_id`, `data_registre`) VALUES (89, 23, 16, '2004-07-23 08:26:35');
INSERT INTO `canco_has_playlist` (`canco_id`, `playlist_id`, `usuari_id`, `data_registre`) VALUES (90, 38, 61, '2020-01-16 07:59:17');
INSERT INTO `canco_has_playlist` (`canco_id`, `playlist_id`, `usuari_id`, `data_registre`) VALUES (92, 90, 70, '1980-11-08 18:04:28');
INSERT INTO `canco_has_playlist` (`canco_id`, `playlist_id`, `usuari_id`, `data_registre`) VALUES (95, 42, 20, '1994-02-15 17:00:40');
INSERT INTO `canco_has_playlist` (`canco_id`, `playlist_id`, `usuari_id`, `data_registre`) VALUES (96, 22, 99, '2015-11-11 12:00:22');
INSERT INTO `canco_has_playlist` (`canco_id`, `playlist_id`, `usuari_id`, `data_registre`) VALUES (96, 47, 5, '2001-10-18 17:32:42');
INSERT INTO `canco_has_playlist` (`canco_id`, `playlist_id`, `usuari_id`, `data_registre`) VALUES (100, 88, 57, '1992-04-26 04:35:19');
INSERT INTO `canco_has_playlist` (`canco_id`, `playlist_id`, `usuari_id`, `data_registre`) VALUES (101, 50, 92, '2017-11-05 04:20:00');
INSERT INTO `canco_has_playlist` (`canco_id`, `playlist_id`, `usuari_id`, `data_registre`) VALUES (104, 77, 58, '1983-08-28 11:26:23');
INSERT INTO `canco_has_playlist` (`canco_id`, `playlist_id`, `usuari_id`, `data_registre`) VALUES (106, 70, 76, '1990-01-13 10:15:05');
INSERT INTO `canco_has_playlist` (`canco_id`, `playlist_id`, `usuari_id`, `data_registre`) VALUES (107, 90, 40, '1973-06-05 05:12:14');
INSERT INTO `canco_has_playlist` (`canco_id`, `playlist_id`, `usuari_id`, `data_registre`) VALUES (108, 48, 52, '1982-04-05 06:17:06');
INSERT INTO `canco_has_playlist` (`canco_id`, `playlist_id`, `usuari_id`, `data_registre`) VALUES (108, 88, 16, '2006-11-18 10:44:43');
INSERT INTO `canco_has_playlist` (`canco_id`, `playlist_id`, `usuari_id`, `data_registre`) VALUES (114, 19, 79, '1996-04-23 11:39:39');
INSERT INTO `canco_has_playlist` (`canco_id`, `playlist_id`, `usuari_id`, `data_registre`) VALUES (114, 28, 15, '1997-06-13 14:45:15');
INSERT INTO `canco_has_playlist` (`canco_id`, `playlist_id`, `usuari_id`, `data_registre`) VALUES (123, 72, 53, '2001-05-20 03:22:29');
INSERT INTO `canco_has_playlist` (`canco_id`, `playlist_id`, `usuari_id`, `data_registre`) VALUES (125, 42, 5, '2001-10-29 02:26:14');
INSERT INTO `canco_has_playlist` (`canco_id`, `playlist_id`, `usuari_id`, `data_registre`) VALUES (126, 98, 11, '2002-10-30 14:39:57');
INSERT INTO `canco_has_playlist` (`canco_id`, `playlist_id`, `usuari_id`, `data_registre`) VALUES (129, 23, 52, '2020-09-26 05:27:23');
INSERT INTO `canco_has_playlist` (`canco_id`, `playlist_id`, `usuari_id`, `data_registre`) VALUES (129, 43, 7, '1997-07-15 10:07:19');
INSERT INTO `canco_has_playlist` (`canco_id`, `playlist_id`, `usuari_id`, `data_registre`) VALUES (130, 81, 90, '1984-07-27 02:11:01');
INSERT INTO `canco_has_playlist` (`canco_id`, `playlist_id`, `usuari_id`, `data_registre`) VALUES (132, 5, 71, '1972-06-28 21:09:17');
INSERT INTO `canco_has_playlist` (`canco_id`, `playlist_id`, `usuari_id`, `data_registre`) VALUES (133, 19, 70, '2016-07-02 11:36:03');
INSERT INTO `canco_has_playlist` (`canco_id`, `playlist_id`, `usuari_id`, `data_registre`) VALUES (134, 13, 10, '1982-10-13 02:58:43');
INSERT INTO `canco_has_playlist` (`canco_id`, `playlist_id`, `usuari_id`, `data_registre`) VALUES (134, 77, 53, '2020-07-28 06:13:35');
INSERT INTO `canco_has_playlist` (`canco_id`, `playlist_id`, `usuari_id`, `data_registre`) VALUES (136, 81, 32, '2004-03-17 09:46:38');
INSERT INTO `canco_has_playlist` (`canco_id`, `playlist_id`, `usuari_id`, `data_registre`) VALUES (138, 47, 99, '2012-06-19 14:46:03');
INSERT INTO `canco_has_playlist` (`canco_id`, `playlist_id`, `usuari_id`, `data_registre`) VALUES (139, 45, 40, '1994-05-04 04:15:15');
INSERT INTO `canco_has_playlist` (`canco_id`, `playlist_id`, `usuari_id`, `data_registre`) VALUES (140, 33, 96, '2021-12-02 06:40:43');
INSERT INTO `canco_has_playlist` (`canco_id`, `playlist_id`, `usuari_id`, `data_registre`) VALUES (141, 14, 68, '1978-04-25 00:29:27');
INSERT INTO `canco_has_playlist` (`canco_id`, `playlist_id`, `usuari_id`, `data_registre`) VALUES (142, 39, 53, '1977-08-07 03:43:17');
INSERT INTO `canco_has_playlist` (`canco_id`, `playlist_id`, `usuari_id`, `data_registre`) VALUES (143, 98, 84, '2008-12-20 12:20:13');
INSERT INTO `canco_has_playlist` (`canco_id`, `playlist_id`, `usuari_id`, `data_registre`) VALUES (145, 59, 73, '2011-12-01 23:20:09');
INSERT INTO `canco_has_playlist` (`canco_id`, `playlist_id`, `usuari_id`, `data_registre`) VALUES (148, 26, 88, '2019-10-20 02:52:00');
INSERT INTO `canco_has_playlist` (`canco_id`, `playlist_id`, `usuari_id`, `data_registre`) VALUES (148, 67, 62, '2021-09-07 13:37:10');
INSERT INTO `canco_has_playlist` (`canco_id`, `playlist_id`, `usuari_id`, `data_registre`) VALUES (149, 71, 100, '1988-02-09 14:08:32');
INSERT INTO `canco_has_playlist` (`canco_id`, `playlist_id`, `usuari_id`, `data_registre`) VALUES (150, 76, 74, '1988-01-15 12:51:18');
INSERT INTO `canco_has_playlist` (`canco_id`, `playlist_id`, `usuari_id`, `data_registre`) VALUES (151, 9, 23, '1998-08-18 04:48:30');
INSERT INTO `canco_has_playlist` (`canco_id`, `playlist_id`, `usuari_id`, `data_registre`) VALUES (152, 100, 14, '1984-11-07 02:04:33');
INSERT INTO `canco_has_playlist` (`canco_id`, `playlist_id`, `usuari_id`, `data_registre`) VALUES (156, 94, 74, '2019-09-17 00:38:16');
INSERT INTO `canco_has_playlist` (`canco_id`, `playlist_id`, `usuari_id`, `data_registre`) VALUES (158, 19, 93, '2011-10-30 00:49:10');
INSERT INTO `canco_has_playlist` (`canco_id`, `playlist_id`, `usuari_id`, `data_registre`) VALUES (158, 26, 72, '1978-09-24 21:39:00');
INSERT INTO `canco_has_playlist` (`canco_id`, `playlist_id`, `usuari_id`, `data_registre`) VALUES (158, 45, 86, '2013-10-21 14:13:13');
INSERT INTO `canco_has_playlist` (`canco_id`, `playlist_id`, `usuari_id`, `data_registre`) VALUES (162, 27, 71, '2008-12-29 12:26:30');
INSERT INTO `canco_has_playlist` (`canco_id`, `playlist_id`, `usuari_id`, `data_registre`) VALUES (162, 62, 15, '2016-09-12 10:58:51');
INSERT INTO `canco_has_playlist` (`canco_id`, `playlist_id`, `usuari_id`, `data_registre`) VALUES (164, 60, 43, '1992-05-03 02:07:28');
INSERT INTO `canco_has_playlist` (`canco_id`, `playlist_id`, `usuari_id`, `data_registre`) VALUES (169, 32, 70, '1976-11-05 15:32:23');
INSERT INTO `canco_has_playlist` (`canco_id`, `playlist_id`, `usuari_id`, `data_registre`) VALUES (169, 79, 56, '1992-05-28 20:34:15');
INSERT INTO `canco_has_playlist` (`canco_id`, `playlist_id`, `usuari_id`, `data_registre`) VALUES (170, 33, 95, '2020-01-08 10:52:08');
INSERT INTO `canco_has_playlist` (`canco_id`, `playlist_id`, `usuari_id`, `data_registre`) VALUES (171, 83, 14, '1980-06-22 17:13:44');
INSERT INTO `canco_has_playlist` (`canco_id`, `playlist_id`, `usuari_id`, `data_registre`) VALUES (175, 35, 7, '1973-04-23 15:37:07');
INSERT INTO `canco_has_playlist` (`canco_id`, `playlist_id`, `usuari_id`, `data_registre`) VALUES (177, 55, 48, '1996-11-11 00:57:04');
INSERT INTO `canco_has_playlist` (`canco_id`, `playlist_id`, `usuari_id`, `data_registre`) VALUES (185, 88, 18, '2017-12-03 12:11:19');
INSERT INTO `canco_has_playlist` (`canco_id`, `playlist_id`, `usuari_id`, `data_registre`) VALUES (186, 24, 37, '2016-08-07 01:58:53');
INSERT INTO `canco_has_playlist` (`canco_id`, `playlist_id`, `usuari_id`, `data_registre`) VALUES (191, 57, 54, '1976-03-24 12:20:24');
INSERT INTO `canco_has_playlist` (`canco_id`, `playlist_id`, `usuari_id`, `data_registre`) VALUES (191, 67, 20, '1970-03-27 03:55:15');
INSERT INTO `canco_has_playlist` (`canco_id`, `playlist_id`, `usuari_id`, `data_registre`) VALUES (192, 66, 87, '1981-11-28 06:01:40');
INSERT INTO `canco_has_playlist` (`canco_id`, `playlist_id`, `usuari_id`, `data_registre`) VALUES (194, 44, 75, '1993-01-07 14:27:07');
INSERT INTO `canco_has_playlist` (`canco_id`, `playlist_id`, `usuari_id`, `data_registre`) VALUES (195, 44, 4, '2017-05-16 22:10:31');

INSERT INTO `seguint` (`usuari_id`, `artista_id`) VALUES (2, 73);
INSERT INTO `seguint` (`usuari_id`, `artista_id`) VALUES (3, 11);
INSERT INTO `seguint` (`usuari_id`, `artista_id`) VALUES (5, 64);
INSERT INTO `seguint` (`usuari_id`, `artista_id`) VALUES (5, 69);
INSERT INTO `seguint` (`usuari_id`, `artista_id`) VALUES (5, 77);
INSERT INTO `seguint` (`usuari_id`, `artista_id`) VALUES (6, 2);
INSERT INTO `seguint` (`usuari_id`, `artista_id`) VALUES (7, 52);
INSERT INTO `seguint` (`usuari_id`, `artista_id`) VALUES (7, 87);
INSERT INTO `seguint` (`usuari_id`, `artista_id`) VALUES (8, 63);
INSERT INTO `seguint` (`usuari_id`, `artista_id`) VALUES (8, 82);
INSERT INTO `seguint` (`usuari_id`, `artista_id`) VALUES (9, 35);
INSERT INTO `seguint` (`usuari_id`, `artista_id`) VALUES (10, 59);
INSERT INTO `seguint` (`usuari_id`, `artista_id`) VALUES (10, 60);
INSERT INTO `seguint` (`usuari_id`, `artista_id`) VALUES (12, 26);
INSERT INTO `seguint` (`usuari_id`, `artista_id`) VALUES (12, 76);
INSERT INTO `seguint` (`usuari_id`, `artista_id`) VALUES (13, 5);
INSERT INTO `seguint` (`usuari_id`, `artista_id`) VALUES (13, 73);
INSERT INTO `seguint` (`usuari_id`, `artista_id`) VALUES (14, 27);
INSERT INTO `seguint` (`usuari_id`, `artista_id`) VALUES (14, 35);
INSERT INTO `seguint` (`usuari_id`, `artista_id`) VALUES (14, 47);
INSERT INTO `seguint` (`usuari_id`, `artista_id`) VALUES (15, 10);
INSERT INTO `seguint` (`usuari_id`, `artista_id`) VALUES (16, 52);
INSERT INTO `seguint` (`usuari_id`, `artista_id`) VALUES (26, 35);
INSERT INTO `seguint` (`usuari_id`, `artista_id`) VALUES (26, 91);
INSERT INTO `seguint` (`usuari_id`, `artista_id`) VALUES (27, 61);
INSERT INTO `seguint` (`usuari_id`, `artista_id`) VALUES (28, 28);
INSERT INTO `seguint` (`usuari_id`, `artista_id`) VALUES (28, 48);
INSERT INTO `seguint` (`usuari_id`, `artista_id`) VALUES (29, 32);
INSERT INTO `seguint` (`usuari_id`, `artista_id`) VALUES (30, 5);
INSERT INTO `seguint` (`usuari_id`, `artista_id`) VALUES (30, 32);
INSERT INTO `seguint` (`usuari_id`, `artista_id`) VALUES (31, 11);
INSERT INTO `seguint` (`usuari_id`, `artista_id`) VALUES (31, 32);
INSERT INTO `seguint` (`usuari_id`, `artista_id`) VALUES (35, 50);
INSERT INTO `seguint` (`usuari_id`, `artista_id`) VALUES (35, 99);
INSERT INTO `seguint` (`usuari_id`, `artista_id`) VALUES (37, 23);
INSERT INTO `seguint` (`usuari_id`, `artista_id`) VALUES (37, 34);
INSERT INTO `seguint` (`usuari_id`, `artista_id`) VALUES (37, 56);
INSERT INTO `seguint` (`usuari_id`, `artista_id`) VALUES (38, 65);
INSERT INTO `seguint` (`usuari_id`, `artista_id`) VALUES (39, 3);
INSERT INTO `seguint` (`usuari_id`, `artista_id`) VALUES (42, 72);
INSERT INTO `seguint` (`usuari_id`, `artista_id`) VALUES (44, 59);
INSERT INTO `seguint` (`usuari_id`, `artista_id`) VALUES (44, 65);
INSERT INTO `seguint` (`usuari_id`, `artista_id`) VALUES (44, 99);
INSERT INTO `seguint` (`usuari_id`, `artista_id`) VALUES (46, 60);
INSERT INTO `seguint` (`usuari_id`, `artista_id`) VALUES (48, 33);
INSERT INTO `seguint` (`usuari_id`, `artista_id`) VALUES (49, 98);
INSERT INTO `seguint` (`usuari_id`, `artista_id`) VALUES (50, 39);
INSERT INTO `seguint` (`usuari_id`, `artista_id`) VALUES (50, 55);
INSERT INTO `seguint` (`usuari_id`, `artista_id`) VALUES (51, 100);
INSERT INTO `seguint` (`usuari_id`, `artista_id`) VALUES (52, 98);
INSERT INTO `seguint` (`usuari_id`, `artista_id`) VALUES (53, 3);
INSERT INTO `seguint` (`usuari_id`, `artista_id`) VALUES (53, 83);
INSERT INTO `seguint` (`usuari_id`, `artista_id`) VALUES (54, 54);
INSERT INTO `seguint` (`usuari_id`, `artista_id`) VALUES (55, 40);
INSERT INTO `seguint` (`usuari_id`, `artista_id`) VALUES (56, 56);
INSERT INTO `seguint` (`usuari_id`, `artista_id`) VALUES (57, 25);
INSERT INTO `seguint` (`usuari_id`, `artista_id`) VALUES (59, 21);
INSERT INTO `seguint` (`usuari_id`, `artista_id`) VALUES (61, 30);
INSERT INTO `seguint` (`usuari_id`, `artista_id`) VALUES (62, 20);
INSERT INTO `seguint` (`usuari_id`, `artista_id`) VALUES (62, 70);
INSERT INTO `seguint` (`usuari_id`, `artista_id`) VALUES (63, 14);
INSERT INTO `seguint` (`usuari_id`, `artista_id`) VALUES (63, 59);
INSERT INTO `seguint` (`usuari_id`, `artista_id`) VALUES (64, 45);
INSERT INTO `seguint` (`usuari_id`, `artista_id`) VALUES (64, 88);
INSERT INTO `seguint` (`usuari_id`, `artista_id`) VALUES (65, 13);
INSERT INTO `seguint` (`usuari_id`, `artista_id`) VALUES (65, 16);
INSERT INTO `seguint` (`usuari_id`, `artista_id`) VALUES (66, 23);
INSERT INTO `seguint` (`usuari_id`, `artista_id`) VALUES (66, 53);
INSERT INTO `seguint` (`usuari_id`, `artista_id`) VALUES (67, 20);
INSERT INTO `seguint` (`usuari_id`, `artista_id`) VALUES (68, 17);
INSERT INTO `seguint` (`usuari_id`, `artista_id`) VALUES (69, 70);
INSERT INTO `seguint` (`usuari_id`, `artista_id`) VALUES (69, 82);
INSERT INTO `seguint` (`usuari_id`, `artista_id`) VALUES (72, 85);
INSERT INTO `seguint` (`usuari_id`, `artista_id`) VALUES (76, 19);
INSERT INTO `seguint` (`usuari_id`, `artista_id`) VALUES (76, 42);
INSERT INTO `seguint` (`usuari_id`, `artista_id`) VALUES (76, 54);
INSERT INTO `seguint` (`usuari_id`, `artista_id`) VALUES (80, 72);
INSERT INTO `seguint` (`usuari_id`, `artista_id`) VALUES (81, 75);
INSERT INTO `seguint` (`usuari_id`, `artista_id`) VALUES (82, 41);
INSERT INTO `seguint` (`usuari_id`, `artista_id`) VALUES (82, 77);
INSERT INTO `seguint` (`usuari_id`, `artista_id`) VALUES (86, 18);
INSERT INTO `seguint` (`usuari_id`, `artista_id`) VALUES (86, 35);
INSERT INTO `seguint` (`usuari_id`, `artista_id`) VALUES (86, 38);
INSERT INTO `seguint` (`usuari_id`, `artista_id`) VALUES (88, 10);
INSERT INTO `seguint` (`usuari_id`, `artista_id`) VALUES (88, 43);
INSERT INTO `seguint` (`usuari_id`, `artista_id`) VALUES (88, 52);
INSERT INTO `seguint` (`usuari_id`, `artista_id`) VALUES (89, 5);
INSERT INTO `seguint` (`usuari_id`, `artista_id`) VALUES (89, 11);
INSERT INTO `seguint` (`usuari_id`, `artista_id`) VALUES (89, 94);
INSERT INTO `seguint` (`usuari_id`, `artista_id`) VALUES (90, 64);
INSERT INTO `seguint` (`usuari_id`, `artista_id`) VALUES (91, 43);
INSERT INTO `seguint` (`usuari_id`, `artista_id`) VALUES (92, 20);
INSERT INTO `seguint` (`usuari_id`, `artista_id`) VALUES (93, 4);
INSERT INTO `seguint` (`usuari_id`, `artista_id`) VALUES (93, 23);
INSERT INTO `seguint` (`usuari_id`, `artista_id`) VALUES (93, 80);
INSERT INTO `seguint` (`usuari_id`, `artista_id`) VALUES (93, 98);
INSERT INTO `seguint` (`usuari_id`, `artista_id`) VALUES (95, 55);
INSERT INTO `seguint` (`usuari_id`, `artista_id`) VALUES (96, 64);
INSERT INTO `seguint` (`usuari_id`, `artista_id`) VALUES (97, 21);
INSERT INTO `seguint` (`usuari_id`, `artista_id`) VALUES (98, 57);

INSERT INTO `subscripcio` (`subscripcio_id`, `usuari_id`, `data_inici`, `data_renovacio`) VALUES (1, 64, '1983-12-13 20:23:42', '2022-06-08 01:20:38');
INSERT INTO `subscripcio` (`subscripcio_id`, `usuari_id`, `data_inici`, `data_renovacio`) VALUES (2, 11, '2008-03-28 00:59:00', '1998-04-20 01:14:03');
INSERT INTO `subscripcio` (`subscripcio_id`, `usuari_id`, `data_inici`, `data_renovacio`) VALUES (3, 11, '1979-10-14 15:13:35', '1976-07-15 12:01:31');
INSERT INTO `subscripcio` (`subscripcio_id`, `usuari_id`, `data_inici`, `data_renovacio`) VALUES (4, 47, '1990-11-19 17:55:37', '2011-08-24 07:04:33');
INSERT INTO `subscripcio` (`subscripcio_id`, `usuari_id`, `data_inici`, `data_renovacio`) VALUES (5, 98, '1985-06-03 05:55:13', '1994-08-17 20:14:10');
INSERT INTO `subscripcio` (`subscripcio_id`, `usuari_id`, `data_inici`, `data_renovacio`) VALUES (6, 46, '2001-03-01 17:37:26', '2004-12-01 04:01:23');
INSERT INTO `subscripcio` (`subscripcio_id`, `usuari_id`, `data_inici`, `data_renovacio`) VALUES (7, 54, '1981-04-13 12:01:28', '1989-04-27 20:34:59');
INSERT INTO `subscripcio` (`subscripcio_id`, `usuari_id`, `data_inici`, `data_renovacio`) VALUES (8, 72, '1995-02-11 08:45:52', '2005-01-11 22:26:47');
INSERT INTO `subscripcio` (`subscripcio_id`, `usuari_id`, `data_inici`, `data_renovacio`) VALUES (9, 17, '2014-12-19 03:56:56', '1989-12-05 08:17:00');
INSERT INTO `subscripcio` (`subscripcio_id`, `usuari_id`, `data_inici`, `data_renovacio`) VALUES (10, 53, '2000-07-10 10:04:39', '2017-06-22 23:04:47');
INSERT INTO `subscripcio` (`subscripcio_id`, `usuari_id`, `data_inici`, `data_renovacio`) VALUES (11, 47, '1971-09-26 04:36:54', '1972-04-03 17:36:43');
INSERT INTO `subscripcio` (`subscripcio_id`, `usuari_id`, `data_inici`, `data_renovacio`) VALUES (12, 92, '1977-04-13 12:21:28', '1986-03-22 21:46:12');
INSERT INTO `subscripcio` (`subscripcio_id`, `usuari_id`, `data_inici`, `data_renovacio`) VALUES (13, 26, '2005-06-25 13:29:07', '2015-06-07 18:46:22');
INSERT INTO `subscripcio` (`subscripcio_id`, `usuari_id`, `data_inici`, `data_renovacio`) VALUES (14, 83, '2010-01-01 15:43:30', '2010-04-25 06:13:06');
INSERT INTO `subscripcio` (`subscripcio_id`, `usuari_id`, `data_inici`, `data_renovacio`) VALUES (15, 86, '2017-02-17 02:12:10', '2003-06-03 18:09:25');
INSERT INTO `subscripcio` (`subscripcio_id`, `usuari_id`, `data_inici`, `data_renovacio`) VALUES (16, 58, '2012-10-31 20:24:51', '1975-04-16 03:41:16');
INSERT INTO `subscripcio` (`subscripcio_id`, `usuari_id`, `data_inici`, `data_renovacio`) VALUES (17, 64, '1987-08-24 20:09:55', '2013-12-05 13:45:32');
INSERT INTO `subscripcio` (`subscripcio_id`, `usuari_id`, `data_inici`, `data_renovacio`) VALUES (18, 12, '1975-10-29 01:07:42', '2010-02-04 17:28:04');
INSERT INTO `subscripcio` (`subscripcio_id`, `usuari_id`, `data_inici`, `data_renovacio`) VALUES (19, 29, '2019-06-05 22:38:51', '1976-06-09 17:53:46');
INSERT INTO `subscripcio` (`subscripcio_id`, `usuari_id`, `data_inici`, `data_renovacio`) VALUES (20, 33, '1980-07-01 17:36:25', '2016-12-24 07:47:17');

INSERT INTO `forma_pagament` VALUES (1,'targeta','3070471967689064','31/64','9158','cole71',1),(2,'targeta','9114409287682242','35/17','4232','moen.william',2),(3,'targeta','7543231305759513','10/03','1306','nikko39',3),(4,'targeta','7933292005742176','20/91','8883','ccremin',4),(5,'paypal','9836912479710624','78/37','2112','delpha.durgan',5),(6,'targeta','4021604842978216','70/23','7427','augustus.conroy',6),(7,'paypal','9522243297745317','77/05','5214','trinity56',7),(8,'paypal','7211651673928281','67/57','7428','horace.sauer',8),(9,'targeta','4769740745215199','89/91','5000','kristin05',9),(10,'paypal','8607709528999240','67/82','8198','fahey.adrienne',10),(11,'targeta','3897728272131187','03/92','9472','mswift',11),(12,'targeta','7377173249533636','35/32','2542','destini.torphy',12),(13,'targeta','3210839835690634','69/98','7452','wintheiser.bradley',13),(14,'paypal','7843953417800668','73/26','5421','ora.runolfsdottir',14),(15,'paypal','8659373163334482','71/82','8696','carroll.pablo',15),(16,'targeta','5648400955639014','58/63','7824','lucy.kuhic',16),(17,'targeta','7051894356702149','28/64','354','mkoss',17),(18,'paypal','3485159092919004','69/43','9457','ariane16',18),(19,'targeta','6166475852366493','43/77','6293','adrienne.weber',19),(20,'targeta','2084694277209797','37/31','4961','schiller.emelia',20),(21,'targeta','6096902861421735','58/22','54','daugherty.estrella',21),(22,'paypal','2224738450008243','57/83','3178','mhettinger',22),(23,'targeta','8244873095863467','32/03','9932','eveline89',23),(24,'targeta','5961268201080153','51/56','9084','sherman85',24),(25,'paypal','3173154548538938','61/69','1473','leta.grant',25),(26,'paypal','3874245583282397','61/68','3518','gharvey',26),(27,'paypal','0682869712787320','70/62','9276','joesph.renner',27),(28,'paypal','9161914692624464','05/51','792','towne.osbaldo',28),(29,'paypal','6330587822258254','05/15','1640','favian37',29),(30,'paypal','4784186825947934','23/32','6043','emckenzie',30),(31,'targeta','8038364121250085','16/13','706','mdaugherty',31),(32,'paypal','9005495554418620','06/07','1347','yundt.vida',32),(33,'paypal','2685473518172887','62/81','6311','constantin.bechtelar',33),(34,'paypal','5942308786524765','36/61','3825','lew.daugherty',34),(35,'targeta','7617131863053862','32/65','6945','kuhlman.joaquin',35),(36,'paypal','7731512939481328','19/73','9722','ohaley',36),(37,'paypal','3153760326730415','77/55','937','wiza.bret',37),(38,'paypal','0205469156817615','15/04','9948','norene39',38),(39,'paypal','7151259791489236','51/29','5240','gorczany.jana',39),(40,'paypal','8337391718960093','54/53','7102','gsenger',40),(41,'paypal','5821568499308781','63/18','6094','arvilla34',41),(42,'paypal','0140948701008973','24/66','123','omer50',42),(43,'paypal','6028495108228798','25/75','4083','kenneth09',43),(44,'targeta','3238776174500445','15/72','5060','reichert.amber',44),(45,'targeta','2398035729549656','54/28','7947','vaughn54',45),(46,'targeta','0016172018534161','98/05','7178','canderson',46),(47,'paypal','2329384253777897','50/79','4518','alessandra65',47),(48,'paypal','9778039083468321','29/93','3276','helen.pouros',48),(49,'paypal','6656293450097505','22/19','4306','rnikolaus',49),(50,'paypal','2198106871061702','96/08','1926','nicolas.jaida',50);

INSERT INTO `subscripcio_has_forma_pagament` VALUES (1,18,'2011-10-01 22:11:39',49.13,'11780229'),(1,26,'1999-11-20 17:43:45',28.43,'89081587'),(2,9,'1989-02-07 12:25:32',37.95,'90719608'),(3,21,'1985-05-14 08:26:30',22.18,'85559028'),(3,25,'2013-07-19 22:50:33',26.04,'89543733'),(3,31,'2017-02-21 16:58:12',46.62,'95413136'),(3,44,'1993-05-24 06:10:42',40.31,'53382986'),(4,12,'2015-09-04 11:42:44',38.75,'59318064'),(4,13,'1997-11-15 15:51:06',40,'96323953'),(4,31,'2001-09-19 06:45:58',28.19,'07348815'),(4,35,'2019-09-11 15:04:34',29.53,'62851909'),(4,45,'1980-09-12 08:03:16',39.13,'08915221'),(5,36,'1976-06-13 23:45:04',38.64,'96833933'),(7,20,'2014-05-20 10:47:12',43.05,'77335425'),(7,44,'2010-04-10 04:04:52',22.39,'21658631'),(8,9,'2009-04-14 21:43:51',35.27,'92609594'),(8,19,'1972-09-30 19:26:47',28.37,'00557986'),(9,9,'1970-10-08 05:54:10',26.61,'73564379'),(9,40,'1988-01-03 10:46:48',42.65,'08675354'),(10,47,'2013-05-10 22:09:09',42.7,'62159623'),(11,22,'1980-03-13 06:17:56',29.82,'17689083'),(11,31,'2009-05-13 13:16:06',46.11,'27920862'),(11,39,'1990-04-28 07:58:01',22.61,'69967726'),(11,43,'1995-02-01 20:48:43',37.93,'25442151'),(12,14,'2002-02-26 13:13:49',28.82,'69880056'),(12,43,'2021-04-14 19:13:35',34.58,'75986568'),(13,7,'1978-01-25 18:52:33',34.21,'43457168'),(13,16,'1990-10-05 14:54:31',39.44,'44946678'),(14,18,'1981-11-13 04:22:44',25.8,'01372229'),(14,20,'2012-03-16 16:07:32',33.34,'20650759'),(14,38,'1989-01-20 21:04:51',43.21,'05638482'),(15,10,'1972-01-03 17:03:07',48.15,'57256665'),(15,25,'2018-06-24 00:22:16',40.58,'66712428'),(15,40,'1997-08-25 13:25:45',38.21,'68190163'),(15,46,'2019-08-19 02:05:33',33.76,'93733403'),(16,4,'2015-01-20 03:03:00',27.6,'79222907'),(16,10,'1972-02-29 03:37:09',31.98,'89346815'),(16,16,'1976-05-09 06:42:38',49.77,'89244869'),(16,39,'1987-07-02 20:53:29',23.62,'48647069'),(16,50,'1996-10-01 01:02:15',22.2,'90332333'),(18,13,'2020-01-21 06:22:30',32.59,'96528747'),(18,17,'2012-10-08 04:44:24',27.43,'31226752'),(18,49,'1997-10-04 21:49:51',27.24,'40978635'),(19,7,'1997-12-30 01:30:08',22.6,'62685276'),(19,10,'1992-09-29 18:16:57',36.03,'02914824'),(19,20,'1987-04-27 12:57:56',45.82,'13361372'),(19,21,'1995-01-29 06:54:00',49.72,'04375128'),(19,27,'1973-03-10 18:24:19',23.08,'25183122'),(20,24,'1976-09-04 09:25:59',40.12,'33166681');
